insert into user(id, password, address, name, phone_number)
values (100, "100", "福寺大厦76号-5-0", "庄勇", "13003994703");
insert into user(id, password, address, name, phone_number)
values (101, "101", "石岛广场50号-2-0", "后军", "15305580295");
insert into user(id, password, address, name, phone_number)
values (102, "102", "珠海街59号-14-0", "平浩宇", "13501246433");
insert into user(id, password, address, name, phone_number)
values (103, "103", "东海西路102号-5-8", "窦建明", "13907956430");
insert into user(id, password, address, name, phone_number)
values (104, "104", "六码头104号-16-2", "谭高格", "13907350749");
insert into user(id, password, address, name, phone_number)
values (105, "105", "阳明广场33号-18-5", "东方弘文", "13503927525");
insert into user(id, password, address, name, phone_number)
values (106, "106", "大连支街149号-18-5", "苍晟睿", "13100841498");
insert into user(id, password, address, name, phone_number)
values (107, "107", "汕头街46号-10-9", "丌官强", "15900945065");
insert into user(id, password, address, name, phone_number)
values (108, "108", "汇泉广场97号-5-0", "滑雅昶", "13208560636");
insert into user(id, password, address, name, phone_number)
values (109, "109", "台西三路31号-14-3", "仲孙高格", "13603317938");
insert into user(id, password, address, name, phone_number)
values (110, "110", "大港沿64号-7-8", "越光华", "13000892756");
insert into user(id, password, address, name, phone_number)
values (111, "111", "太平角三大厦13号-18-1", "有高格", "13205123109");
insert into user(id, password, address, name, phone_number)
values (112, "112", "博山大厦95号-1-1", "璩坚秉", "13504831859");
insert into user(id, password, address, name, phone_number)
values (113, "113", "桑梓路140号-0-3", "锺睿慈", "15808126414");
insert into user(id, password, address, name, phone_number)
values (114, "114", "硕阳街95号-15-0", "那昊强", "15003826247");
insert into user(id, password, address, name, phone_number)
values (115, "115", "太平角三大厦16号-16-1", "姜敏博", "15806552608");
insert into user(id, password, address, name, phone_number)
values (116, "116", "青威高速21号-0-2", "丰文昊", "13808571498");
insert into user(id, password, address, name, phone_number)
values (117, "117", "澄海一路65号-2-3", "钮烨熠", "15604804245");
insert into user(id, password, address, name, phone_number)
values (118, "118", "台西纬三广场100号-6-2", "成磊", "15502294991");
insert into user(id, password, address, name, phone_number)
values (119, "119", "荷泽路39号-4-6", "柳鸿朗", "15100630416");
insert into user(id, password, address, name, phone_number)
values (120, "120", "瑞金广场49号-5-8", "后华灿", "13404008563");
insert into user(id, password, address, name, phone_number)
values (121, "121", "滨县广场18号-16-9", "雷鑫磊", "15202683254");
insert into user(id, password, address, name, phone_number)
values (122, "122", "惠民南路124号-17-1", "晏奕伟", "15102015289");
insert into user(id, password, address, name, phone_number)
values (123, "123", "台东八广场103号-1-3", "郁擎宇", "13705570509");
insert into user(id, password, address, name, phone_number)
values (124, "124", "晓望街19号-16-6", "朱皓轩", "15700751325");
insert into user(id, password, address, name, phone_number)
values (125, "125", "秀湛路111号-3-8", "虞懿轩", "13608358815");
insert into user(id, password, address, name, phone_number)
values (126, "126", "泉州街30号-5-5", "申浩宇", "13303262843");
insert into user(id, password, address, name, phone_number)
values (127, "127", "瑞金广场86号-1-1", "阚旭尧", "15203888183");
insert into user(id, password, address, name, phone_number)
values (128, "128", "明阳大厦138号-2-6", "庄平", "13405837258");
insert into user(id, password, address, name, phone_number)
values (129, "129", "海口街112号-12-2", "慎擎宇", "13508542183");
insert into user(id, password, address, name, phone_number)
values (130, "130", "黄岛路16号-2-2", "羿俊驰", "15903081632");
insert into user(id, password, address, name, phone_number)
values (131, "131", "金田路93号-16-2", "后晟睿", "13708537089");
insert into user(id, password, address, name, phone_number)
values (132, "132", "沈阳街90号-8-0", "国天佑", "13607651255");
insert into user(id, password, address, name, phone_number)
values (133, "133", "沂水路136号-11-3", "袁芳", "13505682763");
insert into user(id, password, address, name, phone_number)
values (134, "134", "朝城路101号-12-0", "温雪风", "15703428138");
insert into user(id, password, address, name, phone_number)
values (135, "135", "明阳大厦55号-12-2", "晏立诚", "15303257561");
insert into user(id, password, address, name, phone_number)
values (136, "136", "保定街82号-15-5", "盖濮存", "15908698051");
insert into user(id, password, address, name, phone_number)
values (137, "137", "泰州三广场73号-6-8", "濮风华", "13205943027");
insert into user(id, password, address, name, phone_number)
values (138, "138", "历城广场24号-12-4", "幸明杰", "13100760919");
insert into user(id, password, address, name, phone_number)
values (139, "139", "旌德路72号-19-7", "苏鹏煊", "13403666976");
insert into user(id, password, address, name, phone_number)
values (140, "140", "长汀街81号-19-0", "苏芳", "13107411581");
insert into user(id, password, address, name, phone_number)
values (141, "141", "大港纬一路146号-6-5", "许景同", "15704142389");
insert into user(id, password, address, name, phone_number)
values (142, "142", "东平街45号-2-0", "包擎宇", "15208196442");
insert into user(id, password, address, name, phone_number)
values (143, "143", "台西二街147号-13-8", "翁哲瀚", "13208473166");
insert into user(id, password, address, name, phone_number)
values (144, "144", "濮县街82号-12-0", "董军", "15901832662");
insert into user(id, password, address, name, phone_number)
values (145, "145", "锦州支街42号-3-7", "云晗昱", "13400099037");
insert into user(id, password, address, name, phone_number)
values (146, "146", "中川路64号-5-8", "习静", "15608486420");
insert into user(id, password, address, name, phone_number)
values (147, "147", "安城街125号-12-5", "农强", "15504928899");
insert into user(id, password, address, name, phone_number)
values (148, "148", "陵县大厦82号-15-2", "南宫君浩", "15801851254");
insert into user(id, password, address, name, phone_number)
values (149, "149", "澳门九广场84号-10-0", "鲁修杰", "15205623231");
insert into bill(payee, value, type)
values (143, 757657, "存款");
insert into bill(payee, value, type)
values (138, 90257, "存款");
insert into bill(sender, value, type)
values (100, 913497, "取款");
insert into bill(sender, value, type)
values (100, 506115, "取款");
insert into bill(payee, value, type)
values (107, 511614, "存款");
insert into bill(sender, payee, value, type)
values (100, 118, 603784, "转账");
insert into bill(sender, payee, value, type)
values (101, 136, 625856, "转账");
insert into bill(sender, payee, value, type)
values (101, 132, 778583, "转账");
insert into bill(sender, payee, value, type)
values (101, 104, 691420, "转账");
insert into bill(sender, value, type)
values (101, 650672, "取款");
insert into bill(sender, payee, value, type)
values (101, 129, 779525, "转账");
insert into bill(sender, payee, value, type)
values (101, 106, 862518, "转账");
insert into bill(sender, value, type)
values (102, 502280, "取款");
insert into bill(payee, value, type)
values (127, 77480, "存款");
insert into bill(sender, payee, value, type)
values (103, 100, 602373, "转账");
insert into bill(payee, value, type)
values (139, 294649, "存款");
insert into bill(payee, value, type)
values (111, 97338, "存款");
insert into bill(sender, value, type)
values (103, 179985, "取款");
insert into bill(sender, payee, value, type)
values (103, 116, 70453, "转账");
insert into bill(payee, value, type)
values (146, 741516, "存款");
insert into bill(sender, value, type)
values (103, 328669, "取款");
insert into bill(sender, value, type)
values (104, 173034, "取款");
insert into bill(payee, value, type)
values (148, 447991, "存款");
insert into bill(sender, value, type)
values (104, 906611, "取款");
insert into bill(payee, value, type)
values (144, 223191, "存款");
insert into bill(payee, value, type)
values (111, 756172, "存款");
insert into bill(sender, payee, value, type)
values (104, 117, 309285, "转账");
insert into bill(sender, value, type)
values (105, 276894, "取款");
insert into bill(sender, payee, value, type)
values (105, 130, 236206, "转账");
insert into bill(payee, value, type)
values (131, 800874, "存款");
insert into bill(payee, value, type)
values (148, 902871, "存款");
insert into bill(sender, payee, value, type)
values (105, 131, 256103, "转账");
insert into bill(sender, payee, value, type)
values (105, 143, 737968, "转账");
insert into bill(payee, value, type)
values (108, 979452, "存款");
insert into bill(payee, value, type)
values (106, 827420, "存款");
insert into bill(sender, payee, value, type)
values (106, 111, 483895, "转账");
insert into bill(payee, value, type)
values (125, 799254, "存款");
insert into bill(payee, value, type)
values (148, 346410, "存款");
insert into bill(payee, value, type)
values (103, 963069, "存款");
insert into bill(sender, payee, value, type)
values (106, 114, 943310, "转账");
insert into bill(sender, payee, value, type)
values (106, 103, 741008, "转账");
insert into bill(sender, value, type)
values (106, 392836, "取款");
insert into bill(payee, value, type)
values (104, 52451, "存款");
insert into bill(sender, payee, value, type)
values (107, 118, 167142, "转账");
insert into bill(sender, value, type)
values (107, 955733, "取款");
insert into bill(sender, payee, value, type)
values (107, 107, 600215, "转账");
insert into bill(sender, payee, value, type)
values (107, 135, 437226, "转账");
insert into bill(sender, payee, value, type)
values (107, 142, 932584, "转账");
insert into bill(payee, value, type)
values (130, 87039, "存款");
insert into bill(sender, payee, value, type)
values (108, 114, 717155, "转账");
insert into bill(payee, value, type)
values (148, 641872, "存款");
insert into bill(payee, value, type)
values (107, 268460, "存款");
insert into bill(payee, value, type)
values (119, 609060, "存款");
insert into bill(sender, value, type)
values (108, 563749, "取款");
insert into bill(sender, payee, value, type)
values (108, 139, 31177, "转账");
insert into bill(sender, value, type)
values (108, 708126, "取款");
insert into bill(sender, value, type)
values (109, 94024, "取款");
insert into bill(payee, value, type)
values (137, 298312, "存款");
insert into bill(sender, payee, value, type)
values (110, 141, 720353, "转账");
insert into bill(sender, payee, value, type)
values (110, 127, 265536, "转账");
insert into bill(sender, value, type)
values (110, 215944, "取款");
insert into bill(sender, value, type)
values (110, 692125, "取款");
insert into bill(sender, value, type)
values (111, 699747, "取款");
insert into bill(sender, value, type)
values (111, 798492, "取款");
insert into bill(payee, value, type)
values (148, 917780, "存款");
insert into bill(payee, value, type)
values (115, 564112, "存款");
insert into bill(payee, value, type)
values (129, 633641, "存款");
insert into bill(sender, payee, value, type)
values (111, 127, 170344, "转账");
insert into bill(sender, payee, value, type)
values (112, 148, 140633, "转账");
insert into bill(sender, payee, value, type)
values (112, 146, 709369, "转账");
insert into bill(payee, value, type)
values (105, 451099, "存款");
insert into bill(payee, value, type)
values (114, 195587, "存款");
insert into bill(payee, value, type)
values (135, 163151, "存款");
insert into bill(sender, payee, value, type)
values (114, 120, 763513, "转账");
insert into bill(sender, value, type)
values (114, 647837, "取款");
insert into bill(sender, value, type)
values (114, 692908, "取款");
insert into bill(payee, value, type)
values (107, 278628, "存款");
insert into bill(sender, value, type)
values (114, 244867, "取款");
insert into bill(sender, value, type)
values (115, 826818, "取款");
insert into bill(sender, payee, value, type)
values (115, 113, 195750, "转账");
insert into bill(sender, value, type)
values (115, 779319, "取款");
insert into bill(payee, value, type)
values (138, 231699, "存款");
insert into bill(payee, value, type)
values (119, 210272, "存款");
insert into bill(sender, payee, value, type)
values (115, 104, 478768, "转账");
insert into bill(sender, payee, value, type)
values (115, 129, 155499, "转账");
insert into bill(payee, value, type)
values (101, 224445, "存款");
insert into bill(payee, value, type)
values (139, 854978, "存款");
insert into bill(sender, payee, value, type)
values (116, 118, 567192, "转账");
insert into bill(payee, value, type)
values (116, 731241, "存款");
insert into bill(sender, value, type)
values (116, 234063, "取款");
insert into bill(sender, value, type)
values (116, 986978, "取款");
insert into bill(sender, value, type)
values (117, 597678, "取款");
insert into bill(payee, value, type)
values (111, 990512, "存款");
insert into bill(sender, payee, value, type)
values (117, 124, 846942, "转账");
insert into bill(sender, payee, value, type)
values (117, 136, 66209, "转账");
insert into bill(sender, payee, value, type)
values (117, 146, 625073, "转账");
insert into bill(sender, payee, value, type)
values (117, 147, 664995, "转账");
insert into bill(sender, payee, value, type)
values (117, 134, 390581, "转账");
insert into bill(sender, value, type)
values (117, 114696, "取款");
insert into bill(payee, value, type)
values (130, 564385, "存款");
insert into bill(payee, value, type)
values (120, 982174, "存款");
insert into bill(payee, value, type)
values (132, 237511, "存款");
insert into bill(sender, payee, value, type)
values (118, 137, 565860, "转账");
insert into bill(payee, value, type)
values (110, 682912, "存款");
insert into bill(payee, value, type)
values (131, 396840, "存款");
insert into bill(payee, value, type)
values (126, 970558, "存款");
insert into bill(sender, payee, value, type)
values (119, 125, 973719, "转账");
insert into bill(payee, value, type)
values (126, 136960, "存款");
insert into bill(sender, value, type)
values (120, 455230, "取款");
insert into bill(payee, value, type)
values (117, 107076, "存款");
insert into bill(sender, value, type)
values (120, 100613, "取款");
insert into bill(payee, value, type)
values (105, 385776, "存款");
insert into bill(sender, payee, value, type)
values (121, 120, 78579, "转账");
insert into bill(payee, value, type)
values (122, 637401, "存款");
insert into bill(sender, value, type)
values (121, 70151, "取款");
insert into bill(sender, value, type)
values (121, 268232, "取款");
insert into bill(payee, value, type)
values (121, 54481, "存款");
insert into bill(sender, value, type)
values (121, 64992, "取款");
insert into bill(sender, value, type)
values (121, 192891, "取款");
insert into bill(sender, payee, value, type)
values (121, 115, 378008, "转账");
insert into bill(sender, payee, value, type)
values (121, 107, 458339, "转账");
insert into bill(sender, payee, value, type)
values (121, 142, 433290, "转账");
insert into bill(payee, value, type)
values (129, 336281, "存款");
insert into bill(sender, value, type)
values (121, 834112, "取款");
insert into bill(payee, value, type)
values (110, 110052, "存款");
insert into bill(payee, value, type)
values (146, 988869, "存款");
insert into bill(sender, payee, value, type)
values (122, 145, 780367, "转账");
insert into bill(sender, value, type)
values (122, 448651, "取款");
insert into bill(sender, payee, value, type)
values (122, 100, 774700, "转账");
insert into bill(sender, payee, value, type)
values (122, 145, 587493, "转账");
insert into bill(sender, value, type)
values (122, 345382, "取款");
insert into bill(payee, value, type)
values (124, 80172, "存款");
insert into bill(sender, value, type)
values (123, 879074, "取款");
insert into bill(sender, value, type)
values (123, 531384, "取款");
insert into bill(payee, value, type)
values (139, 441674, "存款");
insert into bill(sender, value, type)
values (124, 231831, "取款");
insert into bill(payee, value, type)
values (106, 920433, "存款");
insert into bill(sender, payee, value, type)
values (124, 109, 54207, "转账");
insert into bill(sender, payee, value, type)
values (124, 148, 949063, "转账");
insert into bill(payee, value, type)
values (106, 487842, "存款");
insert into bill(sender, payee, value, type)
values (124, 135, 531615, "转账");
insert into bill(sender, value, type)
values (124, 110473, "取款");
insert into bill(sender, value, type)
values (124, 181648, "取款");
insert into bill(sender, payee, value, type)
values (125, 107, 946527, "转账");
insert into bill(sender, payee, value, type)
values (125, 113, 670555, "转账");
insert into bill(sender, value, type)
values (125, 755658, "取款");
insert into bill(sender, value, type)
values (125, 695380, "取款");
insert into bill(payee, value, type)
values (134, 73211, "存款");
insert into bill(sender, value, type)
values (127, 145873, "取款");
insert into bill(payee, value, type)
values (129, 540048, "存款");
insert into bill(sender, payee, value, type)
values (128, 141, 608928, "转账");
insert into bill(sender, value, type)
values (128, 992607, "取款");
insert into bill(sender, value, type)
values (128, 225401, "取款");
insert into bill(payee, value, type)
values (108, 967607, "存款");
insert into bill(payee, value, type)
values (102, 304043, "存款");
insert into bill(sender, value, type)
values (130, 9708, "取款");
insert into bill(sender, payee, value, type)
values (130, 122, 137096, "转账");
insert into bill(sender, payee, value, type)
values (130, 118, 251052, "转账");
insert into bill(sender, value, type)
values (130, 466450, "取款");
insert into bill(sender, payee, value, type)
values (130, 121, 598022, "转账");
insert into bill(sender, payee, value, type)
values (130, 122, 123514, "转账");
insert into bill(sender, value, type)
values (130, 399379, "取款");
insert into bill(payee, value, type)
values (128, 178696, "存款");
insert into bill(payee, value, type)
values (121, 9315, "存款");
insert into bill(sender, payee, value, type)
values (132, 124, 914221, "转账");
insert into bill(sender, value, type)
values (132, 801235, "取款");
insert into bill(sender, value, type)
values (132, 538029, "取款");
insert into bill(sender, payee, value, type)
values (132, 107, 531194, "转账");
insert into bill(sender, payee, value, type)
values (133, 111, 765640, "转账");
insert into bill(payee, value, type)
values (116, 421062, "存款");
insert into bill(sender, payee, value, type)
values (133, 131, 109468, "转账");
insert into bill(payee, value, type)
values (127, 593352, "存款");
insert into bill(payee, value, type)
values (135, 953227, "存款");
insert into bill(sender, payee, value, type)
values (133, 128, 264537, "转账");
insert into bill(payee, value, type)
values (117, 589544, "存款");
insert into bill(payee, value, type)
values (127, 761318, "存款");
insert into bill(sender, payee, value, type)
values (133, 118, 762585, "转账");
insert into bill(payee, value, type)
values (126, 975370, "存款");
insert into bill(sender, value, type)
values (134, 156693, "取款");
insert into bill(sender, payee, value, type)
values (134, 135, 161974, "转账");
insert into bill(sender, value, type)
values (134, 766876, "取款");
insert into bill(sender, value, type)
values (135, 209568, "取款");
insert into bill(sender, value, type)
values (135, 429822, "取款");
insert into bill(payee, value, type)
values (133, 387430, "存款");
insert into bill(payee, value, type)
values (114, 898719, "存款");
insert into bill(sender, payee, value, type)
values (135, 110, 281036, "转账");
insert into bill(sender, payee, value, type)
values (135, 122, 34034, "转账");
insert into bill(payee, value, type)
values (144, 863509, "存款");
insert into bill(payee, value, type)
values (106, 444868, "存款");
insert into bill(payee, value, type)
values (147, 501846, "存款");
insert into bill(sender, payee, value, type)
values (136, 116, 289259, "转账");
insert into bill(sender, value, type)
values (136, 140953, "取款");
insert into bill(sender, value, type)
values (136, 425542, "取款");
insert into bill(sender, value, type)
values (136, 948095, "取款");
insert into bill(sender, value, type)
values (136, 978274, "取款");
insert into bill(sender, value, type)
values (136, 662729, "取款");
insert into bill(sender, value, type)
values (136, 466372, "取款");
insert into bill(sender, value, type)
values (136, 130951, "取款");
insert into bill(sender, value, type)
values (137, 876125, "取款");
insert into bill(sender, payee, value, type)
values (137, 140, 913113, "转账");
insert into bill(payee, value, type)
values (115, 887065, "存款");
insert into bill(payee, value, type)
values (138, 944759, "存款");
insert into bill(payee, value, type)
values (147, 689895, "存款");
insert into bill(sender, payee, value, type)
values (137, 138, 517213, "转账");
insert into bill(payee, value, type)
values (112, 938025, "存款");
insert into bill(payee, value, type)
values (107, 898656, "存款");
insert into bill(payee, value, type)
values (139, 897528, "存款");
insert into bill(sender, value, type)
values (138, 827280, "取款");
insert into bill(sender, payee, value, type)
values (138, 143, 816541, "转账");
insert into bill(payee, value, type)
values (120, 516517, "存款");
insert into bill(sender, value, type)
values (138, 390978, "取款");
insert into bill(payee, value, type)
values (125, 130546, "存款");
insert into bill(sender, payee, value, type)
values (138, 147, 688618, "转账");
insert into bill(sender, payee, value, type)
values (139, 100, 214917, "转账");
insert into bill(sender, payee, value, type)
values (139, 139, 71959, "转账");
insert into bill(sender, payee, value, type)
values (139, 123, 389728, "转账");
insert into bill(payee, value, type)
values (101, 201996, "存款");
insert into bill(sender, value, type)
values (140, 951916, "取款");
insert into bill(sender, value, type)
values (140, 208249, "取款");
insert into bill(payee, value, type)
values (128, 736591, "存款");
insert into bill(sender, value, type)
values (140, 592058, "取款");
insert into bill(payee, value, type)
values (136, 397648, "存款");
insert into bill(sender, value, type)
values (141, 703811, "取款");
insert into bill(payee, value, type)
values (116, 648061, "存款");
insert into bill(sender, payee, value, type)
values (142, 147, 282926, "转账");
insert into bill(payee, value, type)
values (100, 32838, "存款");
insert into bill(sender, value, type)
values (142, 865126, "取款");
insert into bill(sender, value, type)
values (143, 688979, "取款");
insert into bill(payee, value, type)
values (113, 692165, "存款");
insert into bill(sender, value, type)
values (143, 307869, "取款");
insert into bill(payee, value, type)
values (142, 113123, "存款");
insert into bill(sender, payee, value, type)
values (145, 113, 368425, "转账");
insert into bill(payee, value, type)
values (107, 990515, "存款");
insert into bill(sender, payee, value, type)
values (145, 123, 941456, "转账");
insert into bill(sender, value, type)
values (146, 98452, "取款");
insert into bill(sender, payee, value, type)
values (146, 113, 837509, "转账");
insert into bill(sender, payee, value, type)
values (146, 104, 901646, "转账");
insert into bill(sender, value, type)
values (147, 356857, "取款");
insert into bill(sender, value, type)
values (147, 965607, "取款");
insert into bill(sender, payee, value, type)
values (147, 112, 188450, "转账");
insert into bill(payee, value, type)
values (113, 906363, "存款");
insert into bill(payee, value, type)
values (131, 24273, "存款");
insert into bill(sender, value, type)
values (147, 145998, "取款");
insert into bill(sender, payee, value, type)
values (147, 124, 709732, "转账");
insert into bill(sender, value, type)
values (147, 394228, "取款");
insert into bill(sender, payee, value, type)
values (148, 141, 849472, "转账");
insert into bill(sender, value, type)
values (148, 665487, "取款");
insert into bill(payee, value, type)
values (130, 847207, "存款");
insert into bill(sender, value, type)
values (148, 604191, "取款");
insert into bill(sender, payee, value, type)
values (148, 127, 135663, "转账");
insert into bill(payee, value, type)
values (124, 86351, "存款");
insert into bill(sender, payee, value, type)
values (148, 128, 848404, "转账");
insert into bill(payee, value, type)
values (122, 824432, "存款");
insert into bill(sender, value, type)
values (149, 814759, "取款");
insert into bill(sender, value, type)
values (149, 523816, "取款");
insert into bill(payee, value, type)
values (104, 538078, "存款");
insert into bill(sender, payee, value, type)
values (149, 102, 237625, "转账");
insert into bill(payee, value, type)
values (135, 460581, "存款");
insert into bill(sender, payee, value, type)
values (149, 128, 889913, "转账");
insert into BANKCARD(BANKCARDNUMBER, PASSWORD, remaining_balance, BANK_NAME)
values (291144087, "111111", 47544, "工商银行");
insert into USER_BANKCARD(USERID, BANKCARDNUMBER)
values (100, 291144087);
insert into BANKCARD(BANKCARDNUMBER, PASSWORD, remaining_balance, BANK_NAME)
values (1064794100, "111111", 545113, "工商银行");
insert into USER_BANKCARD(USERID, BANKCARDNUMBER)
values (100, 1064794100);
insert into BANKCARD(BANKCARDNUMBER, PASSWORD, remaining_balance, BANK_NAME)
values (222290099, "111111", 154264, "中国银行");
insert into USER_BANKCARD(USERID, BANKCARDNUMBER)
values (100, 222290099);
insert into BANKCARD(BANKCARDNUMBER, PASSWORD, remaining_balance, BANK_NAME)
values (479565816, "111111", 778597, "工商银行");
insert into USER_BANKCARD(USERID, BANKCARDNUMBER)
values (100, 479565816);
insert into BANKCARD(BANKCARDNUMBER, PASSWORD, remaining_balance, BANK_NAME)
values (936084429, "111111", 464665, "中国银行");
insert into USER_BANKCARD(USERID, BANKCARDNUMBER)
values (100, 936084429);
insert into BANKCARD(BANKCARDNUMBER, PASSWORD, remaining_balance, BANK_NAME)
values (964011629, "111111", 495101, "工商银行");
insert into USER_BANKCARD(USERID, BANKCARDNUMBER)
values (100, 964011629);
insert into BANKCARD(BANKCARDNUMBER, PASSWORD, remaining_balance, BANK_NAME)
values (627266229, "111111", 196764, "建设银行");
insert into USER_BANKCARD(USERID, BANKCARDNUMBER)
values (100, 627266229);
insert into BANKCARD(BANKCARDNUMBER, PASSWORD, remaining_balance, BANK_NAME)
values (1030593670, "111111", 810053, "建设银行");
insert into USER_BANKCARD(USERID, BANKCARDNUMBER)
values (101, 1030593670);
insert into BANKCARD(BANKCARDNUMBER, PASSWORD, remaining_balance, BANK_NAME)
values (674566524, "111111", 620598, "建设银行");
insert into USER_BANKCARD(USERID, BANKCARDNUMBER)
values (103, 674566524);
insert into BANKCARD(BANKCARDNUMBER, PASSWORD, remaining_balance, BANK_NAME)
values (388317016, "111111", 124995, "建设银行");
insert into USER_BANKCARD(USERID, BANKCARDNUMBER)
values (103, 388317016);
insert into BANKCARD(BANKCARDNUMBER, PASSWORD, remaining_balance, BANK_NAME)
values (286919848, "111111", 646569, "工商银行");
insert into USER_BANKCARD(USERID, BANKCARDNUMBER)
values (104, 286919848);
insert into BANKCARD(BANKCARDNUMBER, PASSWORD, remaining_balance, BANK_NAME)
values (570147260, "111111", 264588, "工商银行");
insert into USER_BANKCARD(USERID, BANKCARDNUMBER)
values (104, 570147260);
insert into BANKCARD(BANKCARDNUMBER, PASSWORD, remaining_balance, BANK_NAME)
values (298931998, "111111", 179785, "建设银行");
insert into USER_BANKCARD(USERID, BANKCARDNUMBER)
values (104, 298931998);
insert into BANKCARD(BANKCARDNUMBER, PASSWORD, remaining_balance, BANK_NAME)
values (617849467, "111111", 430002, "工商银行");
insert into USER_BANKCARD(USERID, BANKCARDNUMBER)
values (104, 617849467);
insert into BANKCARD(BANKCARDNUMBER, PASSWORD, remaining_balance, BANK_NAME)
values (573020101, "111111", 258870, "建设银行");
insert into USER_BANKCARD(USERID, BANKCARDNUMBER)
values (104, 573020101);
insert into BANKCARD(BANKCARDNUMBER, PASSWORD, remaining_balance, BANK_NAME)
values (148618940, "111111", 542555, "工商银行");
insert into USER_BANKCARD(USERID, BANKCARDNUMBER)
values (105, 148618940);
insert into BANKCARD(BANKCARDNUMBER, PASSWORD, remaining_balance, BANK_NAME)
values (1080653539, "111111", 832600, "工商银行");
insert into USER_BANKCARD(USERID, BANKCARDNUMBER)
values (105, 1080653539);
insert into BANKCARD(BANKCARDNUMBER, PASSWORD, remaining_balance, BANK_NAME)
values (302156364, "111111", 520390, "工商银行");
insert into USER_BANKCARD(USERID, BANKCARDNUMBER)
values (105, 302156364);
insert into BANKCARD(BANKCARDNUMBER, PASSWORD, remaining_balance, BANK_NAME)
values (271837137, "111111", 387119, "中国银行");
insert into USER_BANKCARD(USERID, BANKCARDNUMBER)
values (106, 271837137);
insert into BANKCARD(BANKCARDNUMBER, PASSWORD, remaining_balance, BANK_NAME)
values (729377172, "111111", 569774, "建设银行");
insert into USER_BANKCARD(USERID, BANKCARDNUMBER)
values (106, 729377172);
insert into BANKCARD(BANKCARDNUMBER, PASSWORD, remaining_balance, BANK_NAME)
values (742546376, "111111", 312362, "建设银行");
insert into USER_BANKCARD(USERID, BANKCARDNUMBER)
values (107, 742546376);
insert into BANKCARD(BANKCARDNUMBER, PASSWORD, remaining_balance, BANK_NAME)
values (583725408, "111111", 710788, "中国银行");
insert into USER_BANKCARD(USERID, BANKCARDNUMBER)
values (107, 583725408);
insert into BANKCARD(BANKCARDNUMBER, PASSWORD, remaining_balance, BANK_NAME)
values (509348328, "111111", 148128, "工商银行");
insert into USER_BANKCARD(USERID, BANKCARDNUMBER)
values (107, 509348328);
insert into BANKCARD(BANKCARDNUMBER, PASSWORD, remaining_balance, BANK_NAME)
values (649229564, "111111", 999966, "工商银行");
insert into USER_BANKCARD(USERID, BANKCARDNUMBER)
values (107, 649229564);
insert into BANKCARD(BANKCARDNUMBER, PASSWORD, remaining_balance, BANK_NAME)
values (1020559070, "111111", 812603, "工商银行");
insert into USER_BANKCARD(USERID, BANKCARDNUMBER)
values (107, 1020559070);
insert into BANKCARD(BANKCARDNUMBER, PASSWORD, remaining_balance, BANK_NAME)
values (435996008, "111111", 501101, "中国银行");
insert into USER_BANKCARD(USERID, BANKCARDNUMBER)
values (107, 435996008);
insert into BANKCARD(BANKCARDNUMBER, PASSWORD, remaining_balance, BANK_NAME)
values (586107670, "111111", 941551, "工商银行");
insert into USER_BANKCARD(USERID, BANKCARDNUMBER)
values (107, 586107670);
insert into BANKCARD(BANKCARDNUMBER, PASSWORD, remaining_balance, BANK_NAME)
values (429229850, "111111", 893462, "中国银行");
insert into USER_BANKCARD(USERID, BANKCARDNUMBER)
values (108, 429229850);
insert into BANKCARD(BANKCARDNUMBER, PASSWORD, remaining_balance, BANK_NAME)
values (474057999, "111111", 521985, "建设银行");
insert into USER_BANKCARD(USERID, BANKCARDNUMBER)
values (108, 474057999);
insert into BANKCARD(BANKCARDNUMBER, PASSWORD, remaining_balance, BANK_NAME)
values (496806858, "111111", 218806, "建设银行");
insert into USER_BANKCARD(USERID, BANKCARDNUMBER)
values (108, 496806858);
insert into BANKCARD(BANKCARDNUMBER, PASSWORD, remaining_balance, BANK_NAME)
values (110537881, "111111", 733426, "工商银行");
insert into USER_BANKCARD(USERID, BANKCARDNUMBER)
values (108, 110537881);
insert into BANKCARD(BANKCARDNUMBER, PASSWORD, remaining_balance, BANK_NAME)
values (981677118, "111111", 481454, "中国银行");
insert into USER_BANKCARD(USERID, BANKCARDNUMBER)
values (108, 981677118);
insert into BANKCARD(BANKCARDNUMBER, PASSWORD, remaining_balance, BANK_NAME)
values (716381842, "111111", 599299, "工商银行");
insert into USER_BANKCARD(USERID, BANKCARDNUMBER)
values (109, 716381842);
insert into BANKCARD(BANKCARDNUMBER, PASSWORD, remaining_balance, BANK_NAME)
values (162041857, "111111", 958609, "建设银行");
insert into USER_BANKCARD(USERID, BANKCARDNUMBER)
values (110, 162041857);
insert into BANKCARD(BANKCARDNUMBER, PASSWORD, remaining_balance, BANK_NAME)
values (360948503, "111111", 830502, "建设银行");
insert into USER_BANKCARD(USERID, BANKCARDNUMBER)
values (110, 360948503);
insert into BANKCARD(BANKCARDNUMBER, PASSWORD, remaining_balance, BANK_NAME)
values (881904624, "111111", 746082, "工商银行");
insert into USER_BANKCARD(USERID, BANKCARDNUMBER)
values (110, 881904624);
insert into BANKCARD(BANKCARDNUMBER, PASSWORD, remaining_balance, BANK_NAME)
values (925575465, "111111", 32477, "建设银行");
insert into USER_BANKCARD(USERID, BANKCARDNUMBER)
values (111, 925575465);
insert into BANKCARD(BANKCARDNUMBER, PASSWORD, remaining_balance, BANK_NAME)
values (556145228, "111111", 383039, "建设银行");
insert into USER_BANKCARD(USERID, BANKCARDNUMBER)
values (111, 556145228);
insert into BANKCARD(BANKCARDNUMBER, PASSWORD, remaining_balance, BANK_NAME)
values (709133180, "111111", 46505, "中国银行");
insert into USER_BANKCARD(USERID, BANKCARDNUMBER)
values (112, 709133180);
insert into BANKCARD(BANKCARDNUMBER, PASSWORD, remaining_balance, BANK_NAME)
values (829448862, "111111", 702021, "建设银行");
insert into USER_BANKCARD(USERID, BANKCARDNUMBER)
values (112, 829448862);
insert into BANKCARD(BANKCARDNUMBER, PASSWORD, remaining_balance, BANK_NAME)
values (574621574, "111111", 716511, "工商银行");
insert into USER_BANKCARD(USERID, BANKCARDNUMBER)
values (112, 574621574);
insert into BANKCARD(BANKCARDNUMBER, PASSWORD, remaining_balance, BANK_NAME)
values (706242168, "111111", 915364, "工商银行");
insert into USER_BANKCARD(USERID, BANKCARDNUMBER)
values (112, 706242168);
insert into BANKCARD(BANKCARDNUMBER, PASSWORD, remaining_balance, BANK_NAME)
values (306194919, "111111", 543846, "建设银行");
insert into USER_BANKCARD(USERID, BANKCARDNUMBER)
values (112, 306194919);
insert into BANKCARD(BANKCARDNUMBER, PASSWORD, remaining_balance, BANK_NAME)
values (481030374, "111111", 912345, "工商银行");
insert into USER_BANKCARD(USERID, BANKCARDNUMBER)
values (112, 481030374);
insert into BANKCARD(BANKCARDNUMBER, PASSWORD, remaining_balance, BANK_NAME)
values (625668743, "111111", 881184, "中国银行");
insert into USER_BANKCARD(USERID, BANKCARDNUMBER)
values (113, 625668743);
insert into BANKCARD(BANKCARDNUMBER, PASSWORD, remaining_balance, BANK_NAME)
values (251266544, "111111", 562180, "建设银行");
insert into USER_BANKCARD(USERID, BANKCARDNUMBER)
values (113, 251266544);
insert into BANKCARD(BANKCARDNUMBER, PASSWORD, remaining_balance, BANK_NAME)
values (1085987227, "111111", 453305, "工商银行");
insert into USER_BANKCARD(USERID, BANKCARDNUMBER)
values (114, 1085987227);
insert into BANKCARD(BANKCARDNUMBER, PASSWORD, remaining_balance, BANK_NAME)
values (875121958, "111111", 245631, "建设银行");
insert into USER_BANKCARD(USERID, BANKCARDNUMBER)
values (114, 875121958);
insert into BANKCARD(BANKCARDNUMBER, PASSWORD, remaining_balance, BANK_NAME)
values (962508852, "111111", 236048, "建设银行");
insert into USER_BANKCARD(USERID, BANKCARDNUMBER)
values (114, 962508852);
insert into BANKCARD(BANKCARDNUMBER, PASSWORD, remaining_balance, BANK_NAME)
values (715683190, "111111", 802317, "建设银行");
insert into USER_BANKCARD(USERID, BANKCARDNUMBER)
values (114, 715683190);
insert into BANKCARD(BANKCARDNUMBER, PASSWORD, remaining_balance, BANK_NAME)
values (1011059664, "111111", 381221, "工商银行");
insert into USER_BANKCARD(USERID, BANKCARDNUMBER)
values (114, 1011059664);
insert into BANKCARD(BANKCARDNUMBER, PASSWORD, remaining_balance, BANK_NAME)
values (485418713, "111111", 121052, "中国银行");
insert into USER_BANKCARD(USERID, BANKCARDNUMBER)
values (114, 485418713);
insert into BANKCARD(BANKCARDNUMBER, PASSWORD, remaining_balance, BANK_NAME)
values (137736998, "111111", 966171, "中国银行");
insert into USER_BANKCARD(USERID, BANKCARDNUMBER)
values (114, 137736998);
insert into BANKCARD(BANKCARDNUMBER, PASSWORD, remaining_balance, BANK_NAME)
values (571670535, "111111", 829354, "工商银行");
insert into USER_BANKCARD(USERID, BANKCARDNUMBER)
values (114, 571670535);
insert into BANKCARD(BANKCARDNUMBER, PASSWORD, remaining_balance, BANK_NAME)
values (579620341, "111111", 518417, "工商银行");
insert into USER_BANKCARD(USERID, BANKCARDNUMBER)
values (114, 579620341);
insert into BANKCARD(BANKCARDNUMBER, PASSWORD, remaining_balance, BANK_NAME)
values (408584705, "111111", 787984, "工商银行");
insert into USER_BANKCARD(USERID, BANKCARDNUMBER)
values (115, 408584705);
insert into BANKCARD(BANKCARDNUMBER, PASSWORD, remaining_balance, BANK_NAME)
values (700834943, "111111", 135883, "中国银行");
insert into USER_BANKCARD(USERID, BANKCARDNUMBER)
values (115, 700834943);
insert into BANKCARD(BANKCARDNUMBER, PASSWORD, remaining_balance, BANK_NAME)
values (795434688, "111111", 900032, "中国银行");
insert into USER_BANKCARD(USERID, BANKCARDNUMBER)
values (116, 795434688);
insert into BANKCARD(BANKCARDNUMBER, PASSWORD, remaining_balance, BANK_NAME)
values (592928446, "111111", 611307, "建设银行");
insert into USER_BANKCARD(USERID, BANKCARDNUMBER)
values (116, 592928446);
insert into BANKCARD(BANKCARDNUMBER, PASSWORD, remaining_balance, BANK_NAME)
values (848656293, "111111", 69866, "建设银行");
insert into USER_BANKCARD(USERID, BANKCARDNUMBER)
values (116, 848656293);
insert into BANKCARD(BANKCARDNUMBER, PASSWORD, remaining_balance, BANK_NAME)
values (1078452236, "111111", 212685, "工商银行");
insert into USER_BANKCARD(USERID, BANKCARDNUMBER)
values (118, 1078452236);
insert into BANKCARD(BANKCARDNUMBER, PASSWORD, remaining_balance, BANK_NAME)
values (307411004, "111111", 961679, "中国银行");
insert into USER_BANKCARD(USERID, BANKCARDNUMBER)
values (118, 307411004);
insert into BANKCARD(BANKCARDNUMBER, PASSWORD, remaining_balance, BANK_NAME)
values (1099224401, "111111", 467395, "工商银行");
insert into USER_BANKCARD(USERID, BANKCARDNUMBER)
values (119, 1099224401);
insert into BANKCARD(BANKCARDNUMBER, PASSWORD, remaining_balance, BANK_NAME)
values (415644538, "111111", 330155, "建设银行");
insert into USER_BANKCARD(USERID, BANKCARDNUMBER)
values (119, 415644538);
insert into BANKCARD(BANKCARDNUMBER, PASSWORD, remaining_balance, BANK_NAME)
values (360311210, "111111", 530307, "中国银行");
insert into USER_BANKCARD(USERID, BANKCARDNUMBER)
values (119, 360311210);
insert into BANKCARD(BANKCARDNUMBER, PASSWORD, remaining_balance, BANK_NAME)
values (1095419809, "111111", 764513, "工商银行");
insert into USER_BANKCARD(USERID, BANKCARDNUMBER)
values (119, 1095419809);
insert into BANKCARD(BANKCARDNUMBER, PASSWORD, remaining_balance, BANK_NAME)
values (761711354, "111111", 666656, "中国银行");
insert into USER_BANKCARD(USERID, BANKCARDNUMBER)
values (119, 761711354);
insert into BANKCARD(BANKCARDNUMBER, PASSWORD, remaining_balance, BANK_NAME)
values (382192019, "111111", 384162, "工商银行");
insert into USER_BANKCARD(USERID, BANKCARDNUMBER)
values (120, 382192019);
insert into BANKCARD(BANKCARDNUMBER, PASSWORD, remaining_balance, BANK_NAME)
values (580839587, "111111", 868682, "工商银行");
insert into USER_BANKCARD(USERID, BANKCARDNUMBER)
values (120, 580839587);
insert into BANKCARD(BANKCARDNUMBER, PASSWORD, remaining_balance, BANK_NAME)
values (413040511, "111111", 949350, "中国银行");
insert into USER_BANKCARD(USERID, BANKCARDNUMBER)
values (120, 413040511);
insert into BANKCARD(BANKCARDNUMBER, PASSWORD, remaining_balance, BANK_NAME)
values (475449336, "111111", 278369, "建设银行");
insert into USER_BANKCARD(USERID, BANKCARDNUMBER)
values (120, 475449336);
insert into BANKCARD(BANKCARDNUMBER, PASSWORD, remaining_balance, BANK_NAME)
values (724661438, "111111", 150728, "中国银行");
insert into USER_BANKCARD(USERID, BANKCARDNUMBER)
values (120, 724661438);
insert into BANKCARD(BANKCARDNUMBER, PASSWORD, remaining_balance, BANK_NAME)
values (719375526, "111111", 579525, "建设银行");
insert into USER_BANKCARD(USERID, BANKCARDNUMBER)
values (121, 719375526);
insert into BANKCARD(BANKCARDNUMBER, PASSWORD, remaining_balance, BANK_NAME)
values (362483218, "111111", 559111, "工商银行");
insert into USER_BANKCARD(USERID, BANKCARDNUMBER)
values (121, 362483218);
insert into BANKCARD(BANKCARDNUMBER, PASSWORD, remaining_balance, BANK_NAME)
values (1005939857, "111111", 703357, "建设银行");
insert into USER_BANKCARD(USERID, BANKCARDNUMBER)
values (121, 1005939857);
insert into BANKCARD(BANKCARDNUMBER, PASSWORD, remaining_balance, BANK_NAME)
values (151830130, "111111", 71967, "建设银行");
insert into USER_BANKCARD(USERID, BANKCARDNUMBER)
values (121, 151830130);
insert into BANKCARD(BANKCARDNUMBER, PASSWORD, remaining_balance, BANK_NAME)
values (681425428, "111111", 163578, "建设银行");
insert into USER_BANKCARD(USERID, BANKCARDNUMBER)
values (122, 681425428);
insert into BANKCARD(BANKCARDNUMBER, PASSWORD, remaining_balance, BANK_NAME)
values (498401684, "111111", 214262, "工商银行");
insert into USER_BANKCARD(USERID, BANKCARDNUMBER)
values (122, 498401684);
insert into BANKCARD(BANKCARDNUMBER, PASSWORD, remaining_balance, BANK_NAME)
values (650563587, "111111", 551877, "工商银行");
insert into USER_BANKCARD(USERID, BANKCARDNUMBER)
values (123, 650563587);
insert into BANKCARD(BANKCARDNUMBER, PASSWORD, remaining_balance, BANK_NAME)
values (514853058, "111111", 475764, "中国银行");
insert into USER_BANKCARD(USERID, BANKCARDNUMBER)
values (123, 514853058);
insert into BANKCARD(BANKCARDNUMBER, PASSWORD, remaining_balance, BANK_NAME)
values (465823015, "111111", 823285, "建设银行");
insert into USER_BANKCARD(USERID, BANKCARDNUMBER)
values (124, 465823015);
insert into BANKCARD(BANKCARDNUMBER, PASSWORD, remaining_balance, BANK_NAME)
values (937628726, "111111", 158014, "中国银行");
insert into USER_BANKCARD(USERID, BANKCARDNUMBER)
values (124, 937628726);
insert into BANKCARD(BANKCARDNUMBER, PASSWORD, remaining_balance, BANK_NAME)
values (389129795, "111111", 818851, "中国银行");
insert into USER_BANKCARD(USERID, BANKCARDNUMBER)
values (124, 389129795);
insert into BANKCARD(BANKCARDNUMBER, PASSWORD, remaining_balance, BANK_NAME)
values (1076450621, "111111", 216391, "工商银行");
insert into USER_BANKCARD(USERID, BANKCARDNUMBER)
values (124, 1076450621);
insert into BANKCARD(BANKCARDNUMBER, PASSWORD, remaining_balance, BANK_NAME)
values (313837904, "111111", 841367, "工商银行");
insert into USER_BANKCARD(USERID, BANKCARDNUMBER)
values (124, 313837904);
insert into BANKCARD(BANKCARDNUMBER, PASSWORD, remaining_balance, BANK_NAME)
values (375867367, "111111", 976006, "中国银行");
insert into USER_BANKCARD(USERID, BANKCARDNUMBER)
values (124, 375867367);
insert into BANKCARD(BANKCARDNUMBER, PASSWORD, remaining_balance, BANK_NAME)
values (1038235407, "111111", 58399, "中国银行");
insert into USER_BANKCARD(USERID, BANKCARDNUMBER)
values (124, 1038235407);
insert into BANKCARD(BANKCARDNUMBER, PASSWORD, remaining_balance, BANK_NAME)
values (973697028, "111111", 55835, "中国银行");
insert into USER_BANKCARD(USERID, BANKCARDNUMBER)
values (124, 973697028);
insert into BANKCARD(BANKCARDNUMBER, PASSWORD, remaining_balance, BANK_NAME)
values (366607255, "111111", 744281, "中国银行");
insert into USER_BANKCARD(USERID, BANKCARDNUMBER)
values (125, 366607255);
insert into BANKCARD(BANKCARDNUMBER, PASSWORD, remaining_balance, BANK_NAME)
values (139351650, "111111", 273375, "工商银行");
insert into USER_BANKCARD(USERID, BANKCARDNUMBER)
values (125, 139351650);
insert into BANKCARD(BANKCARDNUMBER, PASSWORD, remaining_balance, BANK_NAME)
values (534760392, "111111", 459897, "建设银行");
insert into USER_BANKCARD(USERID, BANKCARDNUMBER)
values (126, 534760392);
insert into BANKCARD(BANKCARDNUMBER, PASSWORD, remaining_balance, BANK_NAME)
values (855394071, "111111", 572041, "中国银行");
insert into USER_BANKCARD(USERID, BANKCARDNUMBER)
values (126, 855394071);
insert into BANKCARD(BANKCARDNUMBER, PASSWORD, remaining_balance, BANK_NAME)
values (540390477, "111111", 325371, "建设银行");
insert into USER_BANKCARD(USERID, BANKCARDNUMBER)
values (126, 540390477);
insert into BANKCARD(BANKCARDNUMBER, PASSWORD, remaining_balance, BANK_NAME)
values (1067129297, "111111", 635249, "中国银行");
insert into USER_BANKCARD(USERID, BANKCARDNUMBER)
values (126, 1067129297);
insert into BANKCARD(BANKCARDNUMBER, PASSWORD, remaining_balance, BANK_NAME)
values (773986963, "111111", 264888, "建设银行");
insert into USER_BANKCARD(USERID, BANKCARDNUMBER)
values (127, 773986963);
insert into BANKCARD(BANKCARDNUMBER, PASSWORD, remaining_balance, BANK_NAME)
values (150509877, "111111", 665092, "工商银行");
insert into USER_BANKCARD(USERID, BANKCARDNUMBER)
values (128, 150509877);
insert into BANKCARD(BANKCARDNUMBER, PASSWORD, remaining_balance, BANK_NAME)
values (456122404, "111111", 507816, "工商银行");
insert into USER_BANKCARD(USERID, BANKCARDNUMBER)
values (128, 456122404);
insert into BANKCARD(BANKCARDNUMBER, PASSWORD, remaining_balance, BANK_NAME)
values (388106408, "111111", 277448, "中国银行");
insert into USER_BANKCARD(USERID, BANKCARDNUMBER)
values (128, 388106408);
insert into BANKCARD(BANKCARDNUMBER, PASSWORD, remaining_balance, BANK_NAME)
values (302345702, "111111", 55648, "建设银行");
insert into USER_BANKCARD(USERID, BANKCARDNUMBER)
values (128, 302345702);
insert into BANKCARD(BANKCARDNUMBER, PASSWORD, remaining_balance, BANK_NAME)
values (179593245, "111111", 797129, "中国银行");
insert into USER_BANKCARD(USERID, BANKCARDNUMBER)
values (128, 179593245);
insert into BANKCARD(BANKCARDNUMBER, PASSWORD, remaining_balance, BANK_NAME)
values (191197582, "111111", 237186, "中国银行");
insert into USER_BANKCARD(USERID, BANKCARDNUMBER)
values (129, 191197582);
insert into BANKCARD(BANKCARDNUMBER, PASSWORD, remaining_balance, BANK_NAME)
values (106171217, "111111", 339950, "工商银行");
insert into USER_BANKCARD(USERID, BANKCARDNUMBER)
values (129, 106171217);
insert into BANKCARD(BANKCARDNUMBER, PASSWORD, remaining_balance, BANK_NAME)
values (496099548, "111111", 232451, "中国银行");
insert into USER_BANKCARD(USERID, BANKCARDNUMBER)
values (129, 496099548);
insert into BANKCARD(BANKCARDNUMBER, PASSWORD, remaining_balance, BANK_NAME)
values (349142570, "111111", 175191, "建设银行");
insert into USER_BANKCARD(USERID, BANKCARDNUMBER)
values (130, 349142570);
insert into BANKCARD(BANKCARDNUMBER, PASSWORD, remaining_balance, BANK_NAME)
values (656241044, "111111", 938860, "建设银行");
insert into USER_BANKCARD(USERID, BANKCARDNUMBER)
values (130, 656241044);
insert into BANKCARD(BANKCARDNUMBER, PASSWORD, remaining_balance, BANK_NAME)
values (1083262227, "111111", 15529, "建设银行");
insert into USER_BANKCARD(USERID, BANKCARDNUMBER)
values (130, 1083262227);
insert into BANKCARD(BANKCARDNUMBER, PASSWORD, remaining_balance, BANK_NAME)
values (939156410, "111111", 126019, "中国银行");
insert into USER_BANKCARD(USERID, BANKCARDNUMBER)
values (130, 939156410);
insert into BANKCARD(BANKCARDNUMBER, PASSWORD, remaining_balance, BANK_NAME)
values (989427108, "111111", 571749, "工商银行");
insert into USER_BANKCARD(USERID, BANKCARDNUMBER)
values (130, 989427108);
insert into BANKCARD(BANKCARDNUMBER, PASSWORD, remaining_balance, BANK_NAME)
values (297317855, "111111", 124575, "中国银行");
insert into USER_BANKCARD(USERID, BANKCARDNUMBER)
values (130, 297317855);
insert into BANKCARD(BANKCARDNUMBER, PASSWORD, remaining_balance, BANK_NAME)
values (233730741, "111111", 60502, "建设银行");
insert into USER_BANKCARD(USERID, BANKCARDNUMBER)
values (130, 233730741);
insert into BANKCARD(BANKCARDNUMBER, PASSWORD, remaining_balance, BANK_NAME)
values (676547905, "111111", 854839, "工商银行");
insert into USER_BANKCARD(USERID, BANKCARDNUMBER)
values (130, 676547905);
insert into BANKCARD(BANKCARDNUMBER, PASSWORD, remaining_balance, BANK_NAME)
values (505861470, "111111", 859220, "工商银行");
insert into USER_BANKCARD(USERID, BANKCARDNUMBER)
values (131, 505861470);
insert into BANKCARD(BANKCARDNUMBER, PASSWORD, remaining_balance, BANK_NAME)
values (523570658, "111111", 333936, "工商银行");
insert into USER_BANKCARD(USERID, BANKCARDNUMBER)
values (132, 523570658);
insert into BANKCARD(BANKCARDNUMBER, PASSWORD, remaining_balance, BANK_NAME)
values (440183794, "111111", 485235, "工商银行");
insert into USER_BANKCARD(USERID, BANKCARDNUMBER)
values (132, 440183794);
insert into BANKCARD(BANKCARDNUMBER, PASSWORD, remaining_balance, BANK_NAME)
values (476289583, "111111", 7705, "中国银行");
insert into USER_BANKCARD(USERID, BANKCARDNUMBER)
values (132, 476289583);
insert into BANKCARD(BANKCARDNUMBER, PASSWORD, remaining_balance, BANK_NAME)
values (1037115313, "111111", 943901, "工商银行");
insert into USER_BANKCARD(USERID, BANKCARDNUMBER)
values (132, 1037115313);
insert into BANKCARD(BANKCARDNUMBER, PASSWORD, remaining_balance, BANK_NAME)
values (1014145791, "111111", 685441, "建设银行");
insert into USER_BANKCARD(USERID, BANKCARDNUMBER)
values (133, 1014145791);
insert into BANKCARD(BANKCARDNUMBER, PASSWORD, remaining_balance, BANK_NAME)
values (551463971, "111111", 566456, "中国银行");
insert into USER_BANKCARD(USERID, BANKCARDNUMBER)
values (133, 551463971);
insert into BANKCARD(BANKCARDNUMBER, PASSWORD, remaining_balance, BANK_NAME)
values (107066024, "111111", 158815, "工商银行");
insert into USER_BANKCARD(USERID, BANKCARDNUMBER)
values (134, 107066024);
insert into BANKCARD(BANKCARDNUMBER, PASSWORD, remaining_balance, BANK_NAME)
values (649960770, "111111", 204281, "建设银行");
insert into USER_BANKCARD(USERID, BANKCARDNUMBER)
values (134, 649960770);
insert into BANKCARD(BANKCARDNUMBER, PASSWORD, remaining_balance, BANK_NAME)
values (768209259, "111111", 918393, "中国银行");
insert into USER_BANKCARD(USERID, BANKCARDNUMBER)
values (134, 768209259);
insert into BANKCARD(BANKCARDNUMBER, PASSWORD, remaining_balance, BANK_NAME)
values (182473687, "111111", 42407, "建设银行");
insert into USER_BANKCARD(USERID, BANKCARDNUMBER)
values (134, 182473687);
insert into BANKCARD(BANKCARDNUMBER, PASSWORD, remaining_balance, BANK_NAME)
values (651683508, "111111", 796919, "中国银行");
insert into USER_BANKCARD(USERID, BANKCARDNUMBER)
values (134, 651683508);
insert into BANKCARD(BANKCARDNUMBER, PASSWORD, remaining_balance, BANK_NAME)
values (842134721, "111111", 207246, "建设银行");
insert into USER_BANKCARD(USERID, BANKCARDNUMBER)
values (134, 842134721);
insert into BANKCARD(BANKCARDNUMBER, PASSWORD, remaining_balance, BANK_NAME)
values (873641369, "111111", 538833, "建设银行");
insert into USER_BANKCARD(USERID, BANKCARDNUMBER)
values (134, 873641369);
insert into BANKCARD(BANKCARDNUMBER, PASSWORD, remaining_balance, BANK_NAME)
values (244612589, "111111", 14574, "建设银行");
insert into USER_BANKCARD(USERID, BANKCARDNUMBER)
values (134, 244612589);
insert into BANKCARD(BANKCARDNUMBER, PASSWORD, remaining_balance, BANK_NAME)
values (283876835, "111111", 568722, "工商银行");
insert into USER_BANKCARD(USERID, BANKCARDNUMBER)
values (134, 283876835);
insert into BANKCARD(BANKCARDNUMBER, PASSWORD, remaining_balance, BANK_NAME)
values (314740006, "111111", 872864, "建设银行");
insert into USER_BANKCARD(USERID, BANKCARDNUMBER)
values (135, 314740006);
insert into BANKCARD(BANKCARDNUMBER, PASSWORD, remaining_balance, BANK_NAME)
values (589072854, "111111", 5716, "工商银行");
insert into USER_BANKCARD(USERID, BANKCARDNUMBER)
values (135, 589072854);
insert into BANKCARD(BANKCARDNUMBER, PASSWORD, remaining_balance, BANK_NAME)
values (343004493, "111111", 383989, "中国银行");
insert into USER_BANKCARD(USERID, BANKCARDNUMBER)
values (136, 343004493);
insert into BANKCARD(BANKCARDNUMBER, PASSWORD, remaining_balance, BANK_NAME)
values (782030169, "111111", 429178, "建设银行");
insert into USER_BANKCARD(USERID, BANKCARDNUMBER)
values (136, 782030169);
insert into BANKCARD(BANKCARDNUMBER, PASSWORD, remaining_balance, BANK_NAME)
values (356169138, "111111", 92762, "中国银行");
insert into USER_BANKCARD(USERID, BANKCARDNUMBER)
values (136, 356169138);
insert into BANKCARD(BANKCARDNUMBER, PASSWORD, remaining_balance, BANK_NAME)
values (1063194235, "111111", 723595, "工商银行");
insert into USER_BANKCARD(USERID, BANKCARDNUMBER)
values (137, 1063194235);
insert into BANKCARD(BANKCARDNUMBER, PASSWORD, remaining_balance, BANK_NAME)
values (276262893, "111111", 248934, "工商银行");
insert into USER_BANKCARD(USERID, BANKCARDNUMBER)
values (137, 276262893);
insert into BANKCARD(BANKCARDNUMBER, PASSWORD, remaining_balance, BANK_NAME)
values (853029179, "111111", 369415, "中国银行");
insert into USER_BANKCARD(USERID, BANKCARDNUMBER)
values (137, 853029179);
insert into BANKCARD(BANKCARDNUMBER, PASSWORD, remaining_balance, BANK_NAME)
values (581438701, "111111", 135177, "中国银行");
insert into USER_BANKCARD(USERID, BANKCARDNUMBER)
values (137, 581438701);
insert into BANKCARD(BANKCARDNUMBER, PASSWORD, remaining_balance, BANK_NAME)
values (404726106, "111111", 207092, "工商银行");
insert into USER_BANKCARD(USERID, BANKCARDNUMBER)
values (137, 404726106);
insert into BANKCARD(BANKCARDNUMBER, PASSWORD, remaining_balance, BANK_NAME)
values (149936052, "111111", 584751, "中国银行");
insert into USER_BANKCARD(USERID, BANKCARDNUMBER)
values (137, 149936052);
insert into BANKCARD(BANKCARDNUMBER, PASSWORD, remaining_balance, BANK_NAME)
values (207081905, "111111", 976280, "建设银行");
insert into USER_BANKCARD(USERID, BANKCARDNUMBER)
values (137, 207081905);
insert into BANKCARD(BANKCARDNUMBER, PASSWORD, remaining_balance, BANK_NAME)
values (696227575, "111111", 140647, "建设银行");
insert into USER_BANKCARD(USERID, BANKCARDNUMBER)
values (137, 696227575);
insert into BANKCARD(BANKCARDNUMBER, PASSWORD, remaining_balance, BANK_NAME)
values (1088506570, "111111", 354461, "建设银行");
insert into USER_BANKCARD(USERID, BANKCARDNUMBER)
values (137, 1088506570);
insert into BANKCARD(BANKCARDNUMBER, PASSWORD, remaining_balance, BANK_NAME)
values (957524222, "111111", 283236, "中国银行");
insert into USER_BANKCARD(USERID, BANKCARDNUMBER)
values (137, 957524222);
insert into BANKCARD(BANKCARDNUMBER, PASSWORD, remaining_balance, BANK_NAME)
values (368016639, "111111", 525521, "中国银行");
insert into USER_BANKCARD(USERID, BANKCARDNUMBER)
values (138, 368016639);
insert into BANKCARD(BANKCARDNUMBER, PASSWORD, remaining_balance, BANK_NAME)
values (606632602, "111111", 409701, "建设银行");
insert into USER_BANKCARD(USERID, BANKCARDNUMBER)
values (138, 606632602);
insert into BANKCARD(BANKCARDNUMBER, PASSWORD, remaining_balance, BANK_NAME)
values (972040849, "111111", 960388, "工商银行");
insert into USER_BANKCARD(USERID, BANKCARDNUMBER)
values (138, 972040849);
insert into BANKCARD(BANKCARDNUMBER, PASSWORD, remaining_balance, BANK_NAME)
values (423595833, "111111", 132300, "建设银行");
insert into USER_BANKCARD(USERID, BANKCARDNUMBER)
values (138, 423595833);
insert into BANKCARD(BANKCARDNUMBER, PASSWORD, remaining_balance, BANK_NAME)
values (779050913, "111111", 332500, "工商银行");
insert into USER_BANKCARD(USERID, BANKCARDNUMBER)
values (138, 779050913);
insert into BANKCARD(BANKCARDNUMBER, PASSWORD, remaining_balance, BANK_NAME)
values (770913713, "111111", 721223, "中国银行");
insert into USER_BANKCARD(USERID, BANKCARDNUMBER)
values (138, 770913713);
insert into BANKCARD(BANKCARDNUMBER, PASSWORD, remaining_balance, BANK_NAME)
values (580415264, "111111", 67022, "工商银行");
insert into USER_BANKCARD(USERID, BANKCARDNUMBER)
values (139, 580415264);
insert into BANKCARD(BANKCARDNUMBER, PASSWORD, remaining_balance, BANK_NAME)
values (556135838, "111111", 800975, "工商银行");
insert into USER_BANKCARD(USERID, BANKCARDNUMBER)
values (139, 556135838);
insert into BANKCARD(BANKCARDNUMBER, PASSWORD, remaining_balance, BANK_NAME)
values (205025817, "111111", 127944, "工商银行");
insert into USER_BANKCARD(USERID, BANKCARDNUMBER)
values (139, 205025817);
insert into BANKCARD(BANKCARDNUMBER, PASSWORD, remaining_balance, BANK_NAME)
values (221944398, "111111", 75004, "建设银行");
insert into USER_BANKCARD(USERID, BANKCARDNUMBER)
values (139, 221944398);
insert into BANKCARD(BANKCARDNUMBER, PASSWORD, remaining_balance, BANK_NAME)
values (519394105, "111111", 443894, "建设银行");
insert into USER_BANKCARD(USERID, BANKCARDNUMBER)
values (139, 519394105);
insert into BANKCARD(BANKCARDNUMBER, PASSWORD, remaining_balance, BANK_NAME)
values (312118466, "111111", 200962, "建设银行");
insert into USER_BANKCARD(USERID, BANKCARDNUMBER)
values (139, 312118466);
insert into BANKCARD(BANKCARDNUMBER, PASSWORD, remaining_balance, BANK_NAME)
values (1005111185, "111111", 414370, "中国银行");
insert into USER_BANKCARD(USERID, BANKCARDNUMBER)
values (139, 1005111185);
insert into BANKCARD(BANKCARDNUMBER, PASSWORD, remaining_balance, BANK_NAME)
values (849987486, "111111", 395071, "工商银行");
insert into USER_BANKCARD(USERID, BANKCARDNUMBER)
values (139, 849987486);
insert into BANKCARD(BANKCARDNUMBER, PASSWORD, remaining_balance, BANK_NAME)
values (1075641181, "111111", 60176, "建设银行");
insert into USER_BANKCARD(USERID, BANKCARDNUMBER)
values (139, 1075641181);
insert into BANKCARD(BANKCARDNUMBER, PASSWORD, remaining_balance, BANK_NAME)
values (318783844, "111111", 190924, "建设银行");
insert into USER_BANKCARD(USERID, BANKCARDNUMBER)
values (140, 318783844);
insert into BANKCARD(BANKCARDNUMBER, PASSWORD, remaining_balance, BANK_NAME)
values (1077097447, "111111", 675858, "建设银行");
insert into USER_BANKCARD(USERID, BANKCARDNUMBER)
values (140, 1077097447);
insert into BANKCARD(BANKCARDNUMBER, PASSWORD, remaining_balance, BANK_NAME)
values (726802788, "111111", 459581, "建设银行");
insert into USER_BANKCARD(USERID, BANKCARDNUMBER)
values (141, 726802788);
insert into BANKCARD(BANKCARDNUMBER, PASSWORD, remaining_balance, BANK_NAME)
values (636221301, "111111", 411325, "工商银行");
insert into USER_BANKCARD(USERID, BANKCARDNUMBER)
values (141, 636221301);
insert into BANKCARD(BANKCARDNUMBER, PASSWORD, remaining_balance, BANK_NAME)
values (187917833, "111111", 534244, "中国银行");
insert into USER_BANKCARD(USERID, BANKCARDNUMBER)
values (141, 187917833);
insert into BANKCARD(BANKCARDNUMBER, PASSWORD, remaining_balance, BANK_NAME)
values (915751370, "111111", 835253, "工商银行");
insert into USER_BANKCARD(USERID, BANKCARDNUMBER)
values (141, 915751370);
insert into BANKCARD(BANKCARDNUMBER, PASSWORD, remaining_balance, BANK_NAME)
values (461172119, "111111", 543323, "工商银行");
insert into USER_BANKCARD(USERID, BANKCARDNUMBER)
values (141, 461172119);
insert into BANKCARD(BANKCARDNUMBER, PASSWORD, remaining_balance, BANK_NAME)
values (581530214, "111111", 35683, "建设银行");
insert into USER_BANKCARD(USERID, BANKCARDNUMBER)
values (142, 581530214);
insert into BANKCARD(BANKCARDNUMBER, PASSWORD, remaining_balance, BANK_NAME)
values (328749172, "111111", 422590, "工商银行");
insert into USER_BANKCARD(USERID, BANKCARDNUMBER)
values (142, 328749172);
insert into BANKCARD(BANKCARDNUMBER, PASSWORD, remaining_balance, BANK_NAME)
values (141332500, "111111", 451124, "中国银行");
insert into USER_BANKCARD(USERID, BANKCARDNUMBER)
values (142, 141332500);
insert into BANKCARD(BANKCARDNUMBER, PASSWORD, remaining_balance, BANK_NAME)
values (392594500, "111111", 562946, "中国银行");
insert into USER_BANKCARD(USERID, BANKCARDNUMBER)
values (142, 392594500);
insert into BANKCARD(BANKCARDNUMBER, PASSWORD, remaining_balance, BANK_NAME)
values (481564671, "111111", 30273, "中国银行");
insert into USER_BANKCARD(USERID, BANKCARDNUMBER)
values (145, 481564671);
insert into BANKCARD(BANKCARDNUMBER, PASSWORD, remaining_balance, BANK_NAME)
values (236463008, "111111", 580758, "工商银行");
insert into USER_BANKCARD(USERID, BANKCARDNUMBER)
values (145, 236463008);
insert into BANKCARD(BANKCARDNUMBER, PASSWORD, remaining_balance, BANK_NAME)
values (269133159, "111111", 616520, "建设银行");
insert into USER_BANKCARD(USERID, BANKCARDNUMBER)
values (145, 269133159);
insert into BANKCARD(BANKCARDNUMBER, PASSWORD, remaining_balance, BANK_NAME)
values (654127018, "111111", 561927, "建设银行");
insert into USER_BANKCARD(USERID, BANKCARDNUMBER)
values (145, 654127018);
insert into BANKCARD(BANKCARDNUMBER, PASSWORD, remaining_balance, BANK_NAME)
values (827911605, "111111", 205401, "工商银行");
insert into USER_BANKCARD(USERID, BANKCARDNUMBER)
values (146, 827911605);
insert into BANKCARD(BANKCARDNUMBER, PASSWORD, remaining_balance, BANK_NAME)
values (905858043, "111111", 676906, "工商银行");
insert into USER_BANKCARD(USERID, BANKCARDNUMBER)
values (146, 905858043);
insert into BANKCARD(BANKCARDNUMBER, PASSWORD, remaining_balance, BANK_NAME)
values (712868498, "111111", 465753, "建设银行");
insert into USER_BANKCARD(USERID, BANKCARDNUMBER)
values (146, 712868498);
insert into BANKCARD(BANKCARDNUMBER, PASSWORD, remaining_balance, BANK_NAME)
values (527661007, "111111", 632064, "工商银行");
insert into USER_BANKCARD(USERID, BANKCARDNUMBER)
values (146, 527661007);
insert into BANKCARD(BANKCARDNUMBER, PASSWORD, remaining_balance, BANK_NAME)
values (905472626, "111111", 910063, "中国银行");
insert into USER_BANKCARD(USERID, BANKCARDNUMBER)
values (146, 905472626);
insert into BANKCARD(BANKCARDNUMBER, PASSWORD, remaining_balance, BANK_NAME)
values (354046950, "111111", 820564, "建设银行");
insert into USER_BANKCARD(USERID, BANKCARDNUMBER)
values (146, 354046950);
insert into BANKCARD(BANKCARDNUMBER, PASSWORD, remaining_balance, BANK_NAME)
values (511043653, "111111", 916560, "中国银行");
insert into USER_BANKCARD(USERID, BANKCARDNUMBER)
values (147, 511043653);
insert into BANKCARD(BANKCARDNUMBER, PASSWORD, remaining_balance, BANK_NAME)
values (703773054, "111111", 915131, "中国银行");
insert into USER_BANKCARD(USERID, BANKCARDNUMBER)
values (147, 703773054);
insert into BANKCARD(BANKCARDNUMBER, PASSWORD, remaining_balance, BANK_NAME)
values (278697564, "111111", 269913, "中国银行");
insert into USER_BANKCARD(USERID, BANKCARDNUMBER)
values (147, 278697564);
insert into BANKCARD(BANKCARDNUMBER, PASSWORD, remaining_balance, BANK_NAME)
values (479731692, "111111", 610060, "中国银行");
insert into USER_BANKCARD(USERID, BANKCARDNUMBER)
values (147, 479731692);
insert into BANKCARD(BANKCARDNUMBER, PASSWORD, remaining_balance, BANK_NAME)
values (643884630, "111111", 785854, "建设银行");
insert into USER_BANKCARD(USERID, BANKCARDNUMBER)
values (147, 643884630);
insert into BANKCARD(BANKCARDNUMBER, PASSWORD, remaining_balance, BANK_NAME)
values (582700934, "111111", 357899, "工商银行");
insert into USER_BANKCARD(USERID, BANKCARDNUMBER)
values (148, 582700934);
insert into BANKCARD(BANKCARDNUMBER, PASSWORD, remaining_balance, BANK_NAME)
values (204709897, "111111", 985528, "工商银行");
insert into USER_BANKCARD(USERID, BANKCARDNUMBER)
values (149, 204709897);
insert into BANKCARD(BANKCARDNUMBER, PASSWORD, remaining_balance, BANK_NAME)
values (723945103, "111111", 224652, "中国银行");
insert into USER_BANKCARD(USERID, BANKCARDNUMBER)
values (149, 723945103);
