insert into user(id, password, address, name, phone_number)
values (100, "100", "春阳路94号-15-2", "花欣德", "15604411337");
insert into user(id, password, address, name, phone_number)
values (101, "101", "山海关路147号-1-1", "敖振海", "15100939080");
insert into user(id, password, address, name, phone_number)
values (102, "102", "青铜峡路31号-18-7", "鲁霞", "15608704675");
insert into user(id, password, address, name, phone_number)
values (103, "103", "徐家麦岛函谷关广场11号-9-2", "宋明杰", "15202510217");
insert into user(id, password, address, name, phone_number)
values (104, "104", "文登广场138号-1-7", "庄立轩", "13507041412");
insert into user(id, password, address, name, phone_number)
values (105, "105", "无棣街21号-15-1", "红旭尧", "13201908340");
insert into user(id, password, address, name, phone_number)
values (106, "106", "漳州路一路28号-3-6", "别伟诚", "13401342986");
insert into user(id, password, address, name, phone_number)
values (107, "107", "青岛路97号-8-0", "堵旭尧", "13904090816");
insert into user(id, password, address, name, phone_number)
values (108, "108", "热河大厦40号-6-9", "别雨泽", "13801468538");
insert into user(id, password, address, name, phone_number)
values (109, "109", "太平角三大厦104号-5-1", "百里博超", "13700230638");
insert into user(id, password, address, name, phone_number)
values (110, "110", "南海支路109号-18-4", "蒯伟", "13808341343");
insert into user(id, password, address, name, phone_number)
values (111, "111", "博平街60号-7-3", "丘敏", "13607855729");
insert into user(id, password, address, name, phone_number)
values (112, "112", "濮县街54号-8-2", "熊敏博", "15206472854");
insert into user(id, password, address, name, phone_number)
values (113, "113", "郭口东街59号-11-6", "轩辕哲瀚", "13804752256");
insert into user(id, password, address, name, phone_number)
values (114, "114", "长安南路122号-11-8", "蒲文昊", "15807361545");
insert into user(id, password, address, name, phone_number)
values (115, "115", "团岛四街75号-17-2", "汲艳", "13505772947");
insert into user(id, password, address, name, phone_number)
values (116, "116", "济宁街88号-17-8", "弘德赫", "15605115170");
insert into user(id, password, address, name, phone_number)
values (117, "117", "泰城街113号-0-6", "莘荣轩", "13508780626");
insert into user(id, password, address, name, phone_number)
values (118, "118", "邹平路98号-2-1", "步荣轩", "13004027414");
insert into user(id, password, address, name, phone_number)
values (119, "119", "龙口街99号-12-4", "单于良哲", "13600303244");
insert into user(id, password, address, name, phone_number)
values (120, "120", "红山峡支路12号-17-3", "曾正豪", "13505824823");
insert into user(id, password, address, name, phone_number)
values (121, "121", "仙居街100号-19-9", "晁子轩", "13008157836");
insert into user(id, password, address, name, phone_number)
values (122, "122", "兴安大厦57号-18-5", "慎秀英", "13102247050");
insert into user(id, password, address, name, phone_number)
values (123, "123", "荣成路129号-3-3", "甄宇寰", "13901143819");
insert into user(id, password, address, name, phone_number)
values (124, "124", "沈阳街65号-4-3", "殷芳", "13207116206");
insert into user(id, password, address, name, phone_number)
values (125, "125", "章丘路34号-12-2", "毛越泽", "13006217273");
insert into user(id, password, address, name, phone_number)
values (126, "126", "江南大厦36号-5-2", "梁丘荣轩", "15604477595");
insert into user(id, password, address, name, phone_number)
values (127, "127", "瑞云街41号-6-6", "谷梁秀英", "13101130565");
insert into user(id, password, address, name, phone_number)
values (128, "128", "台东三街72号-3-3", "萧敏", "13006222419");
insert into user(id, password, address, name, phone_number)
values (129, "129", "刘家峡路138号-8-6", "危杰", "13802987181");
insert into user(id, password, address, name, phone_number)
values (130, "130", "岳阳路68号-8-6", "缪华灿", "13302151009");
insert into user(id, password, address, name, phone_number)
values (131, "131", "吴兴三广场44号-13-1", "长孙星阑", "15906700424");
insert into user(id, password, address, name, phone_number)
values (132, "132", "西陵峡一大厦45号-1-5", "任雨泽", "13401983137");
insert into user(id, password, address, name, phone_number)
values (133, "133", "晓望街144号-1-6", "乔鹏举", "13207130213");
insert into user(id, password, address, name, phone_number)
values (134, "134", "观海一路21号-8-4", "左强", "15807006415");
insert into user(id, password, address, name, phone_number)
values (135, "135", "新泰大厦78号-19-6", "融修杰", "13201801910");
insert into user(id, password, address, name, phone_number)
values (136, "136", "上杭路75号-18-9", "奚锦程", "13305174657");
insert into user(id, password, address, name, phone_number)
values (137, "137", "南九水街51号-19-6", "韶黎昕", "13303107844");
insert into user(id, password, address, name, phone_number)
values (138, "138", "天台东一路81号-10-1", "越杰", "13108778836");
insert into user(id, password, address, name, phone_number)
values (139, "139", "江南大厦36号-0-1", "唐君浩", "15106773502");
insert into user(id, password, address, name, phone_number)
values (140, "140", "天台东二街119号-16-8", "刁强", "15303283394");
insert into user(id, password, address, name, phone_number)
values (141, "141", "红岛支大厦111号-17-3", "郑敏", "15303314912");
insert into user(id, password, address, name, phone_number)
values (142, "142", "小港二街102号-17-9", "昝平", "15301747708");
insert into user(id, password, address, name, phone_number)
values (143, "143", "澳门五路66号-19-2", "水浩博", "13205660689");
insert into user(id, password, address, name, phone_number)
values (144, "144", "阳明广场142号-12-8", "廖烨霖", "13105188260");
insert into user(id, password, address, name, phone_number)
values (145, "145", "云霄大厦113号-18-9", "司鸿煊", "13306202548");
insert into user(id, password, address, name, phone_number)
values (146, "146", "琴屿大厦68号-18-3", "左乐语", "15308180539");
insert into user(id, password, address, name, phone_number)
values (147, "147", "兰山路14号-14-2", "濮涛", "15908347244");
insert into user(id, password, address, name, phone_number)
values (148, "148", "正阳关街32号-7-7", "汝阳曦", "13001535383");
insert into user(id, password, address, name, phone_number)
values (149, "149", "锦州支街145号-9-3", "荆伟", "13307583583");
insert into bill(sender, value, type)
values (100, 411136, "取款");
insert into bill(sender, value, type)
values (100, 818134, "取款");
insert into bill(payee, value, type)
values (115, 351543, "存款");
insert into bill(payee, value, type)
values (123, 489934, "存款");
insert into bill(sender, payee, value, type)
values (100, 137, 577899, "转账");
insert into bill(sender, value, type)
values (101, 203824, "取款");
insert into bill(sender, value, type)
values (102, 857174, "取款");
insert into bill(payee, value, type)
values (118, 671073, "存款");
insert into bill(sender, payee, value, type)
values (103, 131, 317483, "转账");
insert into bill(sender, payee, value, type)
values (103, 110, 196822, "转账");
insert into bill(sender, value, type)
values (103, 899689, "取款");
insert into bill(payee, value, type)
values (131, 508627, "存款");
insert into bill(payee, value, type)
values (135, 952589, "存款");
insert into bill(payee, value, type)
values (135, 260053, "存款");
insert into bill(payee, value, type)
values (141, 534363, "存款");
insert into bill(sender, value, type)
values (105, 966845, "取款");
insert into bill(payee, value, type)
values (122, 492870, "存款");
insert into bill(sender, payee, value, type)
values (105, 132, 799660, "转账");
insert into bill(sender, value, type)
values (105, 509950, "取款");
insert into bill(sender, payee, value, type)
values (106, 126, 121416, "转账");
insert into bill(payee, value, type)
values (137, 255644, "存款");
insert into bill(payee, value, type)
values (126, 390624, "存款");
insert into bill(payee, value, type)
values (129, 233590, "存款");
insert into bill(sender, value, type)
values (106, 196872, "取款");
insert into bill(payee, value, type)
values (102, 653935, "存款");
insert into bill(sender, payee, value, type)
values (107, 119, 890176, "转账");
insert into bill(payee, value, type)
values (123, 696638, "存款");
insert into bill(sender, value, type)
values (108, 527125, "取款");
insert into bill(payee, value, type)
values (120, 967987, "存款");
insert into bill(sender, value, type)
values (108, 195900, "取款");
insert into bill(payee, value, type)
values (119, 500149, "存款");
insert into bill(sender, value, type)
values (108, 947975, "取款");
insert into bill(payee, value, type)
values (107, 80524, "存款");
insert into bill(payee, value, type)
values (121, 903593, "存款");
insert into bill(payee, value, type)
values (123, 211252, "存款");
insert into bill(payee, value, type)
values (135, 400042, "存款");
insert into bill(payee, value, type)
values (117, 606625, "存款");
insert into bill(sender, payee, value, type)
values (109, 109, 676168, "转账");
insert into bill(payee, value, type)
values (120, 771951, "存款");
insert into bill(sender, payee, value, type)
values (110, 124, 639248, "转账");
insert into bill(sender, payee, value, type)
values (110, 141, 797857, "转账");
insert into bill(sender, value, type)
values (110, 27986, "取款");
insert into bill(sender, value, type)
values (110, 908306, "取款");
insert into bill(sender, payee, value, type)
values (111, 120, 552379, "转账");
insert into bill(sender, value, type)
values (111, 944460, "取款");
insert into bill(payee, value, type)
values (102, 54375, "存款");
insert into bill(sender, payee, value, type)
values (112, 114, 742925, "转账");
insert into bill(payee, value, type)
values (135, 812559, "存款");
insert into bill(payee, value, type)
values (110, 597691, "存款");
insert into bill(sender, payee, value, type)
values (113, 115, 203320, "转账");
insert into bill(payee, value, type)
values (104, 862814, "存款");
insert into bill(sender, value, type)
values (114, 252097, "取款");
insert into bill(payee, value, type)
values (147, 500794, "存款");
insert into bill(sender, value, type)
values (114, 650027, "取款");
insert into bill(payee, value, type)
values (129, 802916, "存款");
insert into bill(payee, value, type)
values (112, 103596, "存款");
insert into bill(payee, value, type)
values (111, 281, "存款");
insert into bill(sender, payee, value, type)
values (116, 115, 489538, "转账");
insert into bill(sender, value, type)
values (116, 883961, "取款");
insert into bill(sender, payee, value, type)
values (117, 120, 591880, "转账");
insert into bill(sender, value, type)
values (118, 984105, "取款");
insert into bill(sender, value, type)
values (118, 236617, "取款");
insert into bill(sender, payee, value, type)
values (118, 142, 317751, "转账");
insert into bill(payee, value, type)
values (106, 417182, "存款");
insert into bill(sender, value, type)
values (118, 342223, "取款");
insert into bill(sender, value, type)
values (118, 438909, "取款");
insert into bill(payee, value, type)
values (126, 636166, "存款");
insert into bill(sender, payee, value, type)
values (120, 121, 416805, "转账");
insert into bill(sender, payee, value, type)
values (120, 119, 787504, "转账");
insert into bill(sender, value, type)
values (121, 179864, "取款");
insert into bill(sender, payee, value, type)
values (121, 137, 883884, "转账");
insert into bill(sender, payee, value, type)
values (121, 119, 867925, "转账");
insert into bill(payee, value, type)
values (127, 328005, "存款");
insert into bill(sender, payee, value, type)
values (122, 147, 854505, "转账");
insert into bill(payee, value, type)
values (100, 957787, "存款");
insert into bill(payee, value, type)
values (108, 232122, "存款");
insert into bill(payee, value, type)
values (102, 694194, "存款");
insert into bill(sender, payee, value, type)
values (124, 139, 122408, "转账");
insert into bill(sender, payee, value, type)
values (124, 143, 526321, "转账");
insert into bill(sender, payee, value, type)
values (124, 100, 807863, "转账");
insert into bill(payee, value, type)
values (107, 808988, "存款");
insert into bill(sender, value, type)
values (125, 128727, "取款");
insert into bill(payee, value, type)
values (117, 448773, "存款");
insert into bill(payee, value, type)
values (126, 56982, "存款");
insert into bill(payee, value, type)
values (100, 251854, "存款");
insert into bill(payee, value, type)
values (121, 910496, "存款");
insert into bill(sender, value, type)
values (127, 129067, "取款");
insert into bill(sender, value, type)
values (127, 13412, "取款");
insert into bill(payee, value, type)
values (110, 474641, "存款");
insert into bill(payee, value, type)
values (103, 59210, "存款");
insert into bill(sender, payee, value, type)
values (128, 144, 733285, "转账");
insert into bill(sender, value, type)
values (128, 533860, "取款");
insert into bill(sender, value, type)
values (129, 887199, "取款");
insert into bill(sender, payee, value, type)
values (129, 145, 646657, "转账");
insert into bill(payee, value, type)
values (117, 721108, "存款");
insert into bill(payee, value, type)
values (134, 727296, "存款");
insert into bill(sender, payee, value, type)
values (129, 117, 801603, "转账");
insert into bill(sender, value, type)
values (130, 946802, "取款");
insert into bill(sender, value, type)
values (130, 988035, "取款");
insert into bill(sender, payee, value, type)
values (130, 100, 592264, "转账");
insert into bill(sender, payee, value, type)
values (131, 113, 519815, "转账");
insert into bill(sender, value, type)
values (132, 678626, "取款");
insert into bill(sender, value, type)
values (132, 412166, "取款");
insert into bill(sender, payee, value, type)
values (132, 116, 417709, "转账");
insert into bill(payee, value, type)
values (110, 840573, "存款");
insert into bill(sender, value, type)
values (132, 593476, "取款");
insert into bill(sender, payee, value, type)
values (133, 139, 136345, "转账");
insert into bill(payee, value, type)
values (128, 712745, "存款");
insert into bill(sender, payee, value, type)
values (134, 100, 794181, "转账");
insert into bill(sender, payee, value, type)
values (134, 127, 392752, "转账");
insert into bill(sender, payee, value, type)
values (134, 101, 119287, "转账");
insert into bill(sender, payee, value, type)
values (135, 126, 895550, "转账");
insert into bill(sender, payee, value, type)
values (135, 140, 172503, "转账");
insert into bill(sender, payee, value, type)
values (136, 133, 798152, "转账");
insert into bill(payee, value, type)
values (126, 586777, "存款");
insert into bill(payee, value, type)
values (134, 29984, "存款");
insert into bill(sender, value, type)
values (136, 722979, "取款");
insert into bill(sender, value, type)
values (137, 851579, "取款");
insert into bill(sender, payee, value, type)
values (138, 125, 323754, "转账");
insert into bill(sender, payee, value, type)
values (138, 109, 782075, "转账");
insert into bill(payee, value, type)
values (124, 480892, "存款");
insert into bill(payee, value, type)
values (135, 847485, "存款");
insert into bill(sender, payee, value, type)
values (139, 114, 497842, "转账");
insert into bill(sender, value, type)
values (139, 54750, "取款");
insert into bill(payee, value, type)
values (142, 76865, "存款");
insert into bill(sender, payee, value, type)
values (140, 121, 639594, "转账");
insert into bill(sender, payee, value, type)
values (140, 135, 328771, "转账");
insert into bill(sender, payee, value, type)
values (140, 106, 918675, "转账");
insert into bill(sender, payee, value, type)
values (141, 135, 433578, "转账");
insert into bill(sender, payee, value, type)
values (141, 111, 501274, "转账");
insert into bill(payee, value, type)
values (130, 102721, "存款");
insert into bill(sender, payee, value, type)
values (142, 148, 793954, "转账");
insert into bill(payee, value, type)
values (148, 231086, "存款");
insert into bill(sender, payee, value, type)
values (142, 121, 172748, "转账");
insert into bill(payee, value, type)
values (123, 437866, "存款");
insert into bill(sender, value, type)
values (143, 253532, "取款");
insert into bill(payee, value, type)
values (146, 885243, "存款");
insert into bill(sender, payee, value, type)
values (144, 110, 704945, "转账");
insert into bill(sender, value, type)
values (144, 584654, "取款");
insert into bill(sender, payee, value, type)
values (144, 109, 850470, "转账");
insert into bill(payee, value, type)
values (122, 474910, "存款");
insert into bill(sender, value, type)
values (145, 835651, "取款");
insert into bill(sender, value, type)
values (145, 946404, "取款");
insert into bill(payee, value, type)
values (117, 48957, "存款");
insert into bill(sender, value, type)
values (145, 848745, "取款");
insert into bill(sender, value, type)
values (145, 217072, "取款");
insert into bill(sender, payee, value, type)
values (146, 137, 691463, "转账");
insert into bill(sender, value, type)
values (146, 725834, "取款");
insert into bill(payee, value, type)
values (131, 126492, "存款");
insert into bill(payee, value, type)
values (112, 16347, "存款");
insert into bill(payee, value, type)
values (105, 270231, "存款");
insert into bill(sender, payee, value, type)
values (147, 128, 716286, "转账");
insert into bill(sender, payee, value, type)
values (147, 120, 995261, "转账");
insert into bill(payee, value, type)
values (140, 506726, "存款");
insert into bill(sender, payee, value, type)
values (147, 147, 688448, "转账");
insert into bill(payee, value, type)
values (127, 599201, "存款");
insert into bill(sender, value, type)
values (148, 865288, "取款");
insert into BANKCARD(BANKCARDNUMBER, PASSWORD, remaining_balance, BANK_NAME)
values (979186847, "111111", 322473, "工商银行");
insert into USER_BANKCARD(USERID, BANKCARDNUMBER)
values (100, 979186847);
insert into BANKCARD(BANKCARDNUMBER, PASSWORD, remaining_balance, BANK_NAME)
values (753105607, "111111", 465401, "工商银行");
insert into USER_BANKCARD(USERID, BANKCARDNUMBER)
values (100, 753105607);
insert into BANKCARD(BANKCARDNUMBER, PASSWORD, remaining_balance, BANK_NAME)
values (212338361, "111111", 510351, "建设银行");
insert into USER_BANKCARD(USERID, BANKCARDNUMBER)
values (100, 212338361);
insert into BANKCARD(BANKCARDNUMBER, PASSWORD, remaining_balance, BANK_NAME)
values (617632216, "111111", 631707, "中国银行");
insert into USER_BANKCARD(USERID, BANKCARDNUMBER)
values (100, 617632216);
insert into BANKCARD(BANKCARDNUMBER, PASSWORD, remaining_balance, BANK_NAME)
values (164348112, "111111", 282654, "工商银行");
insert into USER_BANKCARD(USERID, BANKCARDNUMBER)
values (101, 164348112);
insert into BANKCARD(BANKCARDNUMBER, PASSWORD, remaining_balance, BANK_NAME)
values (728546422, "111111", 949373, "建设银行");
insert into USER_BANKCARD(USERID, BANKCARDNUMBER)
values (102, 728546422);
insert into BANKCARD(BANKCARDNUMBER, PASSWORD, remaining_balance, BANK_NAME)
values (339983950, "111111", 101515, "工商银行");
insert into USER_BANKCARD(USERID, BANKCARDNUMBER)
values (102, 339983950);
insert into BANKCARD(BANKCARDNUMBER, PASSWORD, remaining_balance, BANK_NAME)
values (684256834, "111111", 58724, "工商银行");
insert into USER_BANKCARD(USERID, BANKCARDNUMBER)
values (102, 684256834);
insert into BANKCARD(BANKCARDNUMBER, PASSWORD, remaining_balance, BANK_NAME)
values (1044402875, "111111", 102591, "建设银行");
insert into USER_BANKCARD(USERID, BANKCARDNUMBER)
values (102, 1044402875);
insert into BANKCARD(BANKCARDNUMBER, PASSWORD, remaining_balance, BANK_NAME)
values (788695602, "111111", 904756, "中国银行");
insert into USER_BANKCARD(USERID, BANKCARDNUMBER)
values (102, 788695602);
insert into BANKCARD(BANKCARDNUMBER, PASSWORD, remaining_balance, BANK_NAME)
values (485642030, "111111", 99504, "中国银行");
insert into USER_BANKCARD(USERID, BANKCARDNUMBER)
values (103, 485642030);
insert into BANKCARD(BANKCARDNUMBER, PASSWORD, remaining_balance, BANK_NAME)
values (926145243, "111111", 583088, "中国银行");
insert into USER_BANKCARD(USERID, BANKCARDNUMBER)
values (103, 926145243);
insert into BANKCARD(BANKCARDNUMBER, PASSWORD, remaining_balance, BANK_NAME)
values (976980004, "111111", 943596, "工商银行");
insert into USER_BANKCARD(USERID, BANKCARDNUMBER)
values (103, 976980004);
insert into BANKCARD(BANKCARDNUMBER, PASSWORD, remaining_balance, BANK_NAME)
values (603069808, "111111", 536472, "建设银行");
insert into USER_BANKCARD(USERID, BANKCARDNUMBER)
values (103, 603069808);
insert into BANKCARD(BANKCARDNUMBER, PASSWORD, remaining_balance, BANK_NAME)
values (192958233, "111111", 127783, "建设银行");
insert into USER_BANKCARD(USERID, BANKCARDNUMBER)
values (103, 192958233);
insert into BANKCARD(BANKCARDNUMBER, PASSWORD, remaining_balance, BANK_NAME)
values (954110660, "111111", 84006, "工商银行");
insert into USER_BANKCARD(USERID, BANKCARDNUMBER)
values (104, 954110660);
insert into BANKCARD(BANKCARDNUMBER, PASSWORD, remaining_balance, BANK_NAME)
values (103848913, "111111", 33943, "建设银行");
insert into USER_BANKCARD(USERID, BANKCARDNUMBER)
values (104, 103848913);
insert into BANKCARD(BANKCARDNUMBER, PASSWORD, remaining_balance, BANK_NAME)
values (710887725, "111111", 761964, "建设银行");
insert into USER_BANKCARD(USERID, BANKCARDNUMBER)
values (105, 710887725);
insert into BANKCARD(BANKCARDNUMBER, PASSWORD, remaining_balance, BANK_NAME)
values (222586189, "111111", 521208, "中国银行");
insert into USER_BANKCARD(USERID, BANKCARDNUMBER)
values (107, 222586189);
insert into BANKCARD(BANKCARDNUMBER, PASSWORD, remaining_balance, BANK_NAME)
values (326922689, "111111", 634462, "建设银行");
insert into USER_BANKCARD(USERID, BANKCARDNUMBER)
values (107, 326922689);
insert into BANKCARD(BANKCARDNUMBER, PASSWORD, remaining_balance, BANK_NAME)
values (578368168, "111111", 834091, "中国银行");
insert into USER_BANKCARD(USERID, BANKCARDNUMBER)
values (108, 578368168);
insert into BANKCARD(BANKCARDNUMBER, PASSWORD, remaining_balance, BANK_NAME)
values (655566817, "111111", 467999, "工商银行");
insert into USER_BANKCARD(USERID, BANKCARDNUMBER)
values (108, 655566817);
insert into BANKCARD(BANKCARDNUMBER, PASSWORD, remaining_balance, BANK_NAME)
values (611684420, "111111", 913898, "工商银行");
insert into USER_BANKCARD(USERID, BANKCARDNUMBER)
values (108, 611684420);
insert into BANKCARD(BANKCARDNUMBER, PASSWORD, remaining_balance, BANK_NAME)
values (151311469, "111111", 923402, "工商银行");
insert into USER_BANKCARD(USERID, BANKCARDNUMBER)
values (108, 151311469);
insert into BANKCARD(BANKCARDNUMBER, PASSWORD, remaining_balance, BANK_NAME)
values (277584061, "111111", 842906, "中国银行");
insert into USER_BANKCARD(USERID, BANKCARDNUMBER)
values (110, 277584061);
insert into BANKCARD(BANKCARDNUMBER, PASSWORD, remaining_balance, BANK_NAME)
values (699411486, "111111", 394210, "建设银行");
insert into USER_BANKCARD(USERID, BANKCARDNUMBER)
values (111, 699411486);
insert into BANKCARD(BANKCARDNUMBER, PASSWORD, remaining_balance, BANK_NAME)
values (400375829, "111111", 87856, "建设银行");
insert into USER_BANKCARD(USERID, BANKCARDNUMBER)
values (111, 400375829);
insert into BANKCARD(BANKCARDNUMBER, PASSWORD, remaining_balance, BANK_NAME)
values (989914216, "111111", 292472, "建设银行");
insert into USER_BANKCARD(USERID, BANKCARDNUMBER)
values (111, 989914216);
insert into BANKCARD(BANKCARDNUMBER, PASSWORD, remaining_balance, BANK_NAME)
values (195174270, "111111", 969828, "建设银行");
insert into USER_BANKCARD(USERID, BANKCARDNUMBER)
values (111, 195174270);
insert into BANKCARD(BANKCARDNUMBER, PASSWORD, remaining_balance, BANK_NAME)
values (122236143, "111111", 381109, "中国银行");
insert into USER_BANKCARD(USERID, BANKCARDNUMBER)
values (112, 122236143);
insert into BANKCARD(BANKCARDNUMBER, PASSWORD, remaining_balance, BANK_NAME)
values (683651784, "111111", 242761, "中国银行");
insert into USER_BANKCARD(USERID, BANKCARDNUMBER)
values (112, 683651784);
insert into BANKCARD(BANKCARDNUMBER, PASSWORD, remaining_balance, BANK_NAME)
values (512087043, "111111", 268415, "工商银行");
insert into USER_BANKCARD(USERID, BANKCARDNUMBER)
values (112, 512087043);
insert into BANKCARD(BANKCARDNUMBER, PASSWORD, remaining_balance, BANK_NAME)
values (405539584, "111111", 72620, "中国银行");
insert into USER_BANKCARD(USERID, BANKCARDNUMBER)
values (113, 405539584);
insert into BANKCARD(BANKCARDNUMBER, PASSWORD, remaining_balance, BANK_NAME)
values (600559672, "111111", 694425, "建设银行");
insert into USER_BANKCARD(USERID, BANKCARDNUMBER)
values (113, 600559672);
insert into BANKCARD(BANKCARDNUMBER, PASSWORD, remaining_balance, BANK_NAME)
values (357895696, "111111", 114581, "建设银行");
insert into USER_BANKCARD(USERID, BANKCARDNUMBER)
values (114, 357895696);
insert into BANKCARD(BANKCARDNUMBER, PASSWORD, remaining_balance, BANK_NAME)
values (584550262, "111111", 1066, "中国银行");
insert into USER_BANKCARD(USERID, BANKCARDNUMBER)
values (114, 584550262);
insert into BANKCARD(BANKCARDNUMBER, PASSWORD, remaining_balance, BANK_NAME)
values (410590889, "111111", 574950, "中国银行");
insert into USER_BANKCARD(USERID, BANKCARDNUMBER)
values (114, 410590889);
insert into BANKCARD(BANKCARDNUMBER, PASSWORD, remaining_balance, BANK_NAME)
values (535836188, "111111", 409006, "中国银行");
insert into USER_BANKCARD(USERID, BANKCARDNUMBER)
values (115, 535836188);
insert into BANKCARD(BANKCARDNUMBER, PASSWORD, remaining_balance, BANK_NAME)
values (1067632329, "111111", 864795, "工商银行");
insert into USER_BANKCARD(USERID, BANKCARDNUMBER)
values (115, 1067632329);
insert into BANKCARD(BANKCARDNUMBER, PASSWORD, remaining_balance, BANK_NAME)
values (1087943539, "111111", 122290, "中国银行");
insert into USER_BANKCARD(USERID, BANKCARDNUMBER)
values (115, 1087943539);
insert into BANKCARD(BANKCARDNUMBER, PASSWORD, remaining_balance, BANK_NAME)
values (657063682, "111111", 165073, "中国银行");
insert into USER_BANKCARD(USERID, BANKCARDNUMBER)
values (115, 657063682);
insert into BANKCARD(BANKCARDNUMBER, PASSWORD, remaining_balance, BANK_NAME)
values (448676047, "111111", 3054, "工商银行");
insert into USER_BANKCARD(USERID, BANKCARDNUMBER)
values (115, 448676047);
insert into BANKCARD(BANKCARDNUMBER, PASSWORD, remaining_balance, BANK_NAME)
values (1017063300, "111111", 909197, "工商银行");
insert into USER_BANKCARD(USERID, BANKCARDNUMBER)
values (115, 1017063300);
insert into BANKCARD(BANKCARDNUMBER, PASSWORD, remaining_balance, BANK_NAME)
values (229396866, "111111", 995497, "工商银行");
insert into USER_BANKCARD(USERID, BANKCARDNUMBER)
values (116, 229396866);
insert into BANKCARD(BANKCARDNUMBER, PASSWORD, remaining_balance, BANK_NAME)
values (370997368, "111111", 905269, "中国银行");
insert into USER_BANKCARD(USERID, BANKCARDNUMBER)
values (116, 370997368);
insert into BANKCARD(BANKCARDNUMBER, PASSWORD, remaining_balance, BANK_NAME)
values (366166079, "111111", 462016, "建设银行");
insert into USER_BANKCARD(USERID, BANKCARDNUMBER)
values (117, 366166079);
insert into BANKCARD(BANKCARDNUMBER, PASSWORD, remaining_balance, BANK_NAME)
values (302631341, "111111", 725586, "工商银行");
insert into USER_BANKCARD(USERID, BANKCARDNUMBER)
values (117, 302631341);
insert into BANKCARD(BANKCARDNUMBER, PASSWORD, remaining_balance, BANK_NAME)
values (1022164536, "111111", 957268, "建设银行");
insert into USER_BANKCARD(USERID, BANKCARDNUMBER)
values (117, 1022164536);
insert into BANKCARD(BANKCARDNUMBER, PASSWORD, remaining_balance, BANK_NAME)
values (814625845, "111111", 397360, "工商银行");
insert into USER_BANKCARD(USERID, BANKCARDNUMBER)
values (118, 814625845);
insert into BANKCARD(BANKCARDNUMBER, PASSWORD, remaining_balance, BANK_NAME)
values (429916752, "111111", 549371, "中国银行");
insert into USER_BANKCARD(USERID, BANKCARDNUMBER)
values (118, 429916752);
insert into BANKCARD(BANKCARDNUMBER, PASSWORD, remaining_balance, BANK_NAME)
values (539817216, "111111", 557953, "中国银行");
insert into USER_BANKCARD(USERID, BANKCARDNUMBER)
values (118, 539817216);
insert into BANKCARD(BANKCARDNUMBER, PASSWORD, remaining_balance, BANK_NAME)
values (662295684, "111111", 858444, "中国银行");
insert into USER_BANKCARD(USERID, BANKCARDNUMBER)
values (119, 662295684);
insert into BANKCARD(BANKCARDNUMBER, PASSWORD, remaining_balance, BANK_NAME)
values (765376108, "111111", 353924, "工商银行");
insert into USER_BANKCARD(USERID, BANKCARDNUMBER)
values (119, 765376108);
insert into BANKCARD(BANKCARDNUMBER, PASSWORD, remaining_balance, BANK_NAME)
values (1067722569, "111111", 568678, "中国银行");
insert into USER_BANKCARD(USERID, BANKCARDNUMBER)
values (120, 1067722569);
insert into BANKCARD(BANKCARDNUMBER, PASSWORD, remaining_balance, BANK_NAME)
values (900742109, "111111", 75561, "工商银行");
insert into USER_BANKCARD(USERID, BANKCARDNUMBER)
values (121, 900742109);
insert into BANKCARD(BANKCARDNUMBER, PASSWORD, remaining_balance, BANK_NAME)
values (1010756210, "111111", 391594, "建设银行");
insert into USER_BANKCARD(USERID, BANKCARDNUMBER)
values (121, 1010756210);
insert into BANKCARD(BANKCARDNUMBER, PASSWORD, remaining_balance, BANK_NAME)
values (1020816090, "111111", 332915, "中国银行");
insert into USER_BANKCARD(USERID, BANKCARDNUMBER)
values (121, 1020816090);
insert into BANKCARD(BANKCARDNUMBER, PASSWORD, remaining_balance, BANK_NAME)
values (610671681, "111111", 375364, "建设银行");
insert into USER_BANKCARD(USERID, BANKCARDNUMBER)
values (121, 610671681);
insert into BANKCARD(BANKCARDNUMBER, PASSWORD, remaining_balance, BANK_NAME)
values (274945490, "111111", 882785, "中国银行");
insert into USER_BANKCARD(USERID, BANKCARDNUMBER)
values (122, 274945490);
insert into BANKCARD(BANKCARDNUMBER, PASSWORD, remaining_balance, BANK_NAME)
values (471051221, "111111", 204597, "工商银行");
insert into USER_BANKCARD(USERID, BANKCARDNUMBER)
values (123, 471051221);
insert into BANKCARD(BANKCARDNUMBER, PASSWORD, remaining_balance, BANK_NAME)
values (532257793, "111111", 238338, "工商银行");
insert into USER_BANKCARD(USERID, BANKCARDNUMBER)
values (123, 532257793);
insert into BANKCARD(BANKCARDNUMBER, PASSWORD, remaining_balance, BANK_NAME)
values (897549871, "111111", 91627, "建设银行");
insert into USER_BANKCARD(USERID, BANKCARDNUMBER)
values (123, 897549871);
insert into BANKCARD(BANKCARDNUMBER, PASSWORD, remaining_balance, BANK_NAME)
values (113223885, "111111", 673734, "中国银行");
insert into USER_BANKCARD(USERID, BANKCARDNUMBER)
values (124, 113223885);
insert into BANKCARD(BANKCARDNUMBER, PASSWORD, remaining_balance, BANK_NAME)
values (721467004, "111111", 720078, "中国银行");
insert into USER_BANKCARD(USERID, BANKCARDNUMBER)
values (124, 721467004);
insert into BANKCARD(BANKCARDNUMBER, PASSWORD, remaining_balance, BANK_NAME)
values (121969136, "111111", 390104, "工商银行");
insert into USER_BANKCARD(USERID, BANKCARDNUMBER)
values (124, 121969136);
insert into BANKCARD(BANKCARDNUMBER, PASSWORD, remaining_balance, BANK_NAME)
values (101800680, "111111", 961043, "建设银行");
insert into USER_BANKCARD(USERID, BANKCARDNUMBER)
values (124, 101800680);
insert into BANKCARD(BANKCARDNUMBER, PASSWORD, remaining_balance, BANK_NAME)
values (507039374, "111111", 952303, "工商银行");
insert into USER_BANKCARD(USERID, BANKCARDNUMBER)
values (125, 507039374);
insert into BANKCARD(BANKCARDNUMBER, PASSWORD, remaining_balance, BANK_NAME)
values (161880947, "111111", 459748, "建设银行");
insert into USER_BANKCARD(USERID, BANKCARDNUMBER)
values (125, 161880947);
insert into BANKCARD(BANKCARDNUMBER, PASSWORD, remaining_balance, BANK_NAME)
values (986372411, "111111", 930415, "中国银行");
insert into USER_BANKCARD(USERID, BANKCARDNUMBER)
values (126, 986372411);
insert into BANKCARD(BANKCARDNUMBER, PASSWORD, remaining_balance, BANK_NAME)
values (368709200, "111111", 719593, "建设银行");
insert into USER_BANKCARD(USERID, BANKCARDNUMBER)
values (127, 368709200);
insert into BANKCARD(BANKCARDNUMBER, PASSWORD, remaining_balance, BANK_NAME)
values (618332421, "111111", 475642, "中国银行");
insert into USER_BANKCARD(USERID, BANKCARDNUMBER)
values (128, 618332421);
insert into BANKCARD(BANKCARDNUMBER, PASSWORD, remaining_balance, BANK_NAME)
values (1011620140, "111111", 945158, "工商银行");
insert into USER_BANKCARD(USERID, BANKCARDNUMBER)
values (128, 1011620140);
insert into BANKCARD(BANKCARDNUMBER, PASSWORD, remaining_balance, BANK_NAME)
values (902112269, "111111", 630284, "工商银行");
insert into USER_BANKCARD(USERID, BANKCARDNUMBER)
values (128, 902112269);
insert into BANKCARD(BANKCARDNUMBER, PASSWORD, remaining_balance, BANK_NAME)
values (750922460, "111111", 611520, "建设银行");
insert into USER_BANKCARD(USERID, BANKCARDNUMBER)
values (129, 750922460);
insert into BANKCARD(BANKCARDNUMBER, PASSWORD, remaining_balance, BANK_NAME)
values (507098508, "111111", 696151, "工商银行");
insert into USER_BANKCARD(USERID, BANKCARDNUMBER)
values (129, 507098508);
insert into BANKCARD(BANKCARDNUMBER, PASSWORD, remaining_balance, BANK_NAME)
values (122152257, "111111", 534583, "工商银行");
insert into USER_BANKCARD(USERID, BANKCARDNUMBER)
values (129, 122152257);
insert into BANKCARD(BANKCARDNUMBER, PASSWORD, remaining_balance, BANK_NAME)
values (1069563619, "111111", 451037, "建设银行");
insert into USER_BANKCARD(USERID, BANKCARDNUMBER)
values (129, 1069563619);
insert into BANKCARD(BANKCARDNUMBER, PASSWORD, remaining_balance, BANK_NAME)
values (484956339, "111111", 139272, "建设银行");
insert into USER_BANKCARD(USERID, BANKCARDNUMBER)
values (130, 484956339);
insert into BANKCARD(BANKCARDNUMBER, PASSWORD, remaining_balance, BANK_NAME)
values (251596867, "111111", 697104, "建设银行");
insert into USER_BANKCARD(USERID, BANKCARDNUMBER)
values (130, 251596867);
insert into BANKCARD(BANKCARDNUMBER, PASSWORD, remaining_balance, BANK_NAME)
values (908983242, "111111", 706733, "中国银行");
insert into USER_BANKCARD(USERID, BANKCARDNUMBER)
values (130, 908983242);
insert into BANKCARD(BANKCARDNUMBER, PASSWORD, remaining_balance, BANK_NAME)
values (153033645, "111111", 319328, "中国银行");
insert into USER_BANKCARD(USERID, BANKCARDNUMBER)
values (130, 153033645);
insert into BANKCARD(BANKCARDNUMBER, PASSWORD, remaining_balance, BANK_NAME)
values (268166344, "111111", 706492, "建设银行");
insert into USER_BANKCARD(USERID, BANKCARDNUMBER)
values (131, 268166344);
insert into BANKCARD(BANKCARDNUMBER, PASSWORD, remaining_balance, BANK_NAME)
values (529750995, "111111", 468836, "工商银行");
insert into USER_BANKCARD(USERID, BANKCARDNUMBER)
values (131, 529750995);
insert into BANKCARD(BANKCARDNUMBER, PASSWORD, remaining_balance, BANK_NAME)
values (615892733, "111111", 409847, "工商银行");
insert into USER_BANKCARD(USERID, BANKCARDNUMBER)
values (131, 615892733);
insert into BANKCARD(BANKCARDNUMBER, PASSWORD, remaining_balance, BANK_NAME)
values (778140860, "111111", 996363, "工商银行");
insert into USER_BANKCARD(USERID, BANKCARDNUMBER)
values (131, 778140860);
insert into BANKCARD(BANKCARDNUMBER, PASSWORD, remaining_balance, BANK_NAME)
values (632333358, "111111", 67383, "中国银行");
insert into USER_BANKCARD(USERID, BANKCARDNUMBER)
values (132, 632333358);
insert into BANKCARD(BANKCARDNUMBER, PASSWORD, remaining_balance, BANK_NAME)
values (1089115445, "111111", 139301, "建设银行");
insert into USER_BANKCARD(USERID, BANKCARDNUMBER)
values (132, 1089115445);
insert into BANKCARD(BANKCARDNUMBER, PASSWORD, remaining_balance, BANK_NAME)
values (186754936, "111111", 50625, "建设银行");
insert into USER_BANKCARD(USERID, BANKCARDNUMBER)
values (133, 186754936);
insert into BANKCARD(BANKCARDNUMBER, PASSWORD, remaining_balance, BANK_NAME)
values (414607778, "111111", 733791, "中国银行");
insert into USER_BANKCARD(USERID, BANKCARDNUMBER)
values (133, 414607778);
insert into BANKCARD(BANKCARDNUMBER, PASSWORD, remaining_balance, BANK_NAME)
values (636203380, "111111", 985869, "中国银行");
insert into USER_BANKCARD(USERID, BANKCARDNUMBER)
values (133, 636203380);
insert into BANKCARD(BANKCARDNUMBER, PASSWORD, remaining_balance, BANK_NAME)
values (923217548, "111111", 76202, "建设银行");
insert into USER_BANKCARD(USERID, BANKCARDNUMBER)
values (135, 923217548);
insert into BANKCARD(BANKCARDNUMBER, PASSWORD, remaining_balance, BANK_NAME)
values (843889328, "111111", 168054, "中国银行");
insert into USER_BANKCARD(USERID, BANKCARDNUMBER)
values (135, 843889328);
insert into BANKCARD(BANKCARDNUMBER, PASSWORD, remaining_balance, BANK_NAME)
values (1088828341, "111111", 176061, "建设银行");
insert into USER_BANKCARD(USERID, BANKCARDNUMBER)
values (135, 1088828341);
insert into BANKCARD(BANKCARDNUMBER, PASSWORD, remaining_balance, BANK_NAME)
values (759810639, "111111", 642802, "建设银行");
insert into USER_BANKCARD(USERID, BANKCARDNUMBER)
values (136, 759810639);
insert into BANKCARD(BANKCARDNUMBER, PASSWORD, remaining_balance, BANK_NAME)
values (181730339, "111111", 799908, "建设银行");
insert into USER_BANKCARD(USERID, BANKCARDNUMBER)
values (136, 181730339);
insert into BANKCARD(BANKCARDNUMBER, PASSWORD, remaining_balance, BANK_NAME)
values (934053888, "111111", 567005, "中国银行");
insert into USER_BANKCARD(USERID, BANKCARDNUMBER)
values (136, 934053888);
insert into BANKCARD(BANKCARDNUMBER, PASSWORD, remaining_balance, BANK_NAME)
values (773602342, "111111", 102635, "中国银行");
insert into USER_BANKCARD(USERID, BANKCARDNUMBER)
values (136, 773602342);
insert into BANKCARD(BANKCARDNUMBER, PASSWORD, remaining_balance, BANK_NAME)
values (294341232, "111111", 414953, "建设银行");
insert into USER_BANKCARD(USERID, BANKCARDNUMBER)
values (136, 294341232);
insert into BANKCARD(BANKCARDNUMBER, PASSWORD, remaining_balance, BANK_NAME)
values (1034042763, "111111", 591130, "工商银行");
insert into USER_BANKCARD(USERID, BANKCARDNUMBER)
values (136, 1034042763);
insert into BANKCARD(BANKCARDNUMBER, PASSWORD, remaining_balance, BANK_NAME)
values (254168881, "111111", 930946, "中国银行");
insert into USER_BANKCARD(USERID, BANKCARDNUMBER)
values (136, 254168881);
insert into BANKCARD(BANKCARDNUMBER, PASSWORD, remaining_balance, BANK_NAME)
values (109813389, "111111", 557861, "工商银行");
insert into USER_BANKCARD(USERID, BANKCARDNUMBER)
values (137, 109813389);
insert into BANKCARD(BANKCARDNUMBER, PASSWORD, remaining_balance, BANK_NAME)
values (471966508, "111111", 160782, "中国银行");
insert into USER_BANKCARD(USERID, BANKCARDNUMBER)
values (137, 471966508);
insert into BANKCARD(BANKCARDNUMBER, PASSWORD, remaining_balance, BANK_NAME)
values (592029777, "111111", 363988, "建设银行");
insert into USER_BANKCARD(USERID, BANKCARDNUMBER)
values (137, 592029777);
insert into BANKCARD(BANKCARDNUMBER, PASSWORD, remaining_balance, BANK_NAME)
values (882082135, "111111", 512117, "建设银行");
insert into USER_BANKCARD(USERID, BANKCARDNUMBER)
values (137, 882082135);
insert into BANKCARD(BANKCARDNUMBER, PASSWORD, remaining_balance, BANK_NAME)
values (349291003, "111111", 987054, "建设银行");
insert into USER_BANKCARD(USERID, BANKCARDNUMBER)
values (137, 349291003);
insert into BANKCARD(BANKCARDNUMBER, PASSWORD, remaining_balance, BANK_NAME)
values (980612315, "111111", 971315, "工商银行");
insert into USER_BANKCARD(USERID, BANKCARDNUMBER)
values (137, 980612315);
insert into BANKCARD(BANKCARDNUMBER, PASSWORD, remaining_balance, BANK_NAME)
values (221101342, "111111", 350630, "中国银行");
insert into USER_BANKCARD(USERID, BANKCARDNUMBER)
values (138, 221101342);
insert into BANKCARD(BANKCARDNUMBER, PASSWORD, remaining_balance, BANK_NAME)
values (324139843, "111111", 982998, "中国银行");
insert into USER_BANKCARD(USERID, BANKCARDNUMBER)
values (139, 324139843);
insert into BANKCARD(BANKCARDNUMBER, PASSWORD, remaining_balance, BANK_NAME)
values (168981029, "111111", 35377, "中国银行");
insert into USER_BANKCARD(USERID, BANKCARDNUMBER)
values (139, 168981029);
insert into BANKCARD(BANKCARDNUMBER, PASSWORD, remaining_balance, BANK_NAME)
values (112694157, "111111", 128978, "中国银行");
insert into USER_BANKCARD(USERID, BANKCARDNUMBER)
values (140, 112694157);
insert into BANKCARD(BANKCARDNUMBER, PASSWORD, remaining_balance, BANK_NAME)
values (1010108120, "111111", 525237, "建设银行");
insert into USER_BANKCARD(USERID, BANKCARDNUMBER)
values (140, 1010108120);
insert into BANKCARD(BANKCARDNUMBER, PASSWORD, remaining_balance, BANK_NAME)
values (750071187, "111111", 703574, "建设银行");
insert into USER_BANKCARD(USERID, BANKCARDNUMBER)
values (141, 750071187);
insert into BANKCARD(BANKCARDNUMBER, PASSWORD, remaining_balance, BANK_NAME)
values (368263056, "111111", 690283, "工商银行");
insert into USER_BANKCARD(USERID, BANKCARDNUMBER)
values (142, 368263056);
insert into BANKCARD(BANKCARDNUMBER, PASSWORD, remaining_balance, BANK_NAME)
values (1092398542, "111111", 939508, "工商银行");
insert into USER_BANKCARD(USERID, BANKCARDNUMBER)
values (142, 1092398542);
insert into BANKCARD(BANKCARDNUMBER, PASSWORD, remaining_balance, BANK_NAME)
values (881113195, "111111", 899447, "建设银行");
insert into USER_BANKCARD(USERID, BANKCARDNUMBER)
values (142, 881113195);
insert into BANKCARD(BANKCARDNUMBER, PASSWORD, remaining_balance, BANK_NAME)
values (776970620, "111111", 681837, "工商银行");
insert into USER_BANKCARD(USERID, BANKCARDNUMBER)
values (143, 776970620);
insert into BANKCARD(BANKCARDNUMBER, PASSWORD, remaining_balance, BANK_NAME)
values (110928529, "111111", 561216, "中国银行");
insert into USER_BANKCARD(USERID, BANKCARDNUMBER)
values (143, 110928529);
insert into BANKCARD(BANKCARDNUMBER, PASSWORD, remaining_balance, BANK_NAME)
values (535548793, "111111", 225742, "中国银行");
insert into USER_BANKCARD(USERID, BANKCARDNUMBER)
values (143, 535548793);
insert into BANKCARD(BANKCARDNUMBER, PASSWORD, remaining_balance, BANK_NAME)
values (970916124, "111111", 511805, "中国银行");
insert into USER_BANKCARD(USERID, BANKCARDNUMBER)
values (144, 970916124);
insert into BANKCARD(BANKCARDNUMBER, PASSWORD, remaining_balance, BANK_NAME)
values (465238622, "111111", 124906, "中国银行");
insert into USER_BANKCARD(USERID, BANKCARDNUMBER)
values (146, 465238622);
insert into BANKCARD(BANKCARDNUMBER, PASSWORD, remaining_balance, BANK_NAME)
values (957148383, "111111", 126423, "工商银行");
insert into USER_BANKCARD(USERID, BANKCARDNUMBER)
values (146, 957148383);
insert into BANKCARD(BANKCARDNUMBER, PASSWORD, remaining_balance, BANK_NAME)
values (613795200, "111111", 359749, "中国银行");
insert into USER_BANKCARD(USERID, BANKCARDNUMBER)
values (146, 613795200);
insert into BANKCARD(BANKCARDNUMBER, PASSWORD, remaining_balance, BANK_NAME)
values (417034228, "111111", 197461, "建设银行");
insert into USER_BANKCARD(USERID, BANKCARDNUMBER)
values (147, 417034228);
insert into BANKCARD(BANKCARDNUMBER, PASSWORD, remaining_balance, BANK_NAME)
values (755432018, "111111", 396392, "工商银行");
insert into USER_BANKCARD(USERID, BANKCARDNUMBER)
values (148, 755432018);
insert into BANKCARD(BANKCARDNUMBER, PASSWORD, remaining_balance, BANK_NAME)
values (714541232, "111111", 587576, "中国银行");
insert into USER_BANKCARD(USERID, BANKCARDNUMBER)
values (148, 714541232);
insert into BANKCARD(BANKCARDNUMBER, PASSWORD, remaining_balance, BANK_NAME)
values (443279273, "111111", 814309, "建设银行");
insert into USER_BANKCARD(USERID, BANKCARDNUMBER)
values (148, 443279273);
insert into BANKCARD(BANKCARDNUMBER, PASSWORD, remaining_balance, BANK_NAME)
values (704224633, "111111", 78107, "建设银行");
insert into USER_BANKCARD(USERID, BANKCARDNUMBER)
values (148, 704224633);
insert into BANKCARD(BANKCARDNUMBER, PASSWORD, remaining_balance, BANK_NAME)
values (239208419, "111111", 181996, "建设银行");
insert into USER_BANKCARD(USERID, BANKCARDNUMBER)
values (148, 239208419);
insert into BANKCARD(BANKCARDNUMBER, PASSWORD, remaining_balance, BANK_NAME)
values (699053421, "111111", 66547, "中国银行");
insert into USER_BANKCARD(USERID, BANKCARDNUMBER)
values (149, 699053421);
insert into BANKCARD(BANKCARDNUMBER, PASSWORD, remaining_balance, BANK_NAME)
values (842936246, "111111", 740477, "建设银行");
insert into USER_BANKCARD(USERID, BANKCARDNUMBER)
values (149, 842936246);
