insert into user(id, password)
values (100, "100");
insert into user(id, password)
values (101, "101");
insert into user(id, password)
values (102, "102");
insert into user(id, password)
values (103, "103");
insert into user(id, password)
values (104, "104");
insert into user(id, password)
values (105, "105");
insert into user(id, password)
values (106, "106");
insert into user(id, password)
values (107, "107");
insert into user(id, password)
values (108, "108");
insert into user(id, password)
values (109, "109");
insert into user(id, password)
values (110, "110");
insert into user(id, password)
values (111, "111");
insert into user(id, password)
values (112, "112");
insert into user(id, password)
values (113, "113");
insert into user(id, password)
values (114, "114");
insert into user(id, password)
values (115, "115");
insert into user(id, password)
values (116, "116");
insert into user(id, password)
values (117, "117");
insert into user(id, password)
values (118, "118");
insert into user(id, password)
values (119, "119");
insert into user(id, password)
values (120, "120");
insert into user(id, password)
values (121, "121");
insert into user(id, password)
values (122, "122");
insert into user(id, password)
values (123, "123");
insert into user(id, password)
values (124, "124");
insert into user(id, password)
values (125, "125");
insert into user(id, password)
values (126, "126");
insert into user(id, password)
values (127, "127");
insert into user(id, password)
values (128, "128");
insert into user(id, password)
values (129, "129");
insert into user(id, password)
values (130, "130");
insert into user(id, password)
values (131, "131");
insert into user(id, password)
values (132, "132");
insert into user(id, password)
values (133, "133");
insert into user(id, password)
values (134, "134");
insert into user(id, password)
values (135, "135");
insert into user(id, password)
values (136, "136");
insert into user(id, password)
values (137, "137");
insert into user(id, password)
values (138, "138");
insert into user(id, password)
values (139, "139");
insert into user(id, password)
values (140, "140");
insert into user(id, password)
values (141, "141");
insert into user(id, password)
values (142, "142");
insert into user(id, password)
values (143, "143");
insert into user(id, password)
values (144, "144");
insert into user(id, password)
values (145, "145");
insert into user(id, password)
values (146, "146");
insert into user(id, password)
values (147, "147");
insert into user(id, password)
values (148, "148");
insert into user(id, password)
values (149, "149");
insert into bill(sender, payee, value, type)
values (100, 146, 390276.0142720535, "转账");
insert into bill(sender, value, type)
values (100, 317245.9863372381, "取款");
insert into bill(payee, value, type)
values (116, 499035.5491514529, "存款");
insert into bill(sender, payee, value, type)
values (101, 128, 654601.5488426209, "转账");
insert into bill(sender, payee, value, type)
values (101, 102, 370541.6230901486, "转账");
insert into bill(sender, value, type)
values (101, 293334.5059562755, "取款");
insert into bill(sender, payee, value, type)
values (103, 112, 233299.90019324442, "转账");
insert into bill(sender, payee, value, type)
values (103, 107, 492162.43664512393, "转账");
insert into bill(sender, payee, value, type)
values (103, 125, 618539.6623517042, "转账");
insert into bill(payee, value, type)
values (134, 61459.197083669314, "存款");
insert into bill(payee, value, type)
values (132, 143481.9348685763, "存款");
insert into bill(sender, value, type)
values (103, 335458.49543228844, "取款");
insert into bill(sender, value, type)
values (103, 840880.5349755394, "取款");
insert into bill(payee, value, type)
values (112, 223079.63212329464, "存款");
insert into bill(sender, value, type)
values (104, 183946.7482018453, "取款");
insert into bill(sender, value, type)
values (104, 308185.16558070754, "取款");
insert into bill(payee, value, type)
values (122, 551539.5929932169, "存款");
insert into bill(payee, value, type)
values (123, 212001.43535724646, "存款");
insert into bill(sender, payee, value, type)
values (104, 144, 152159.223658076, "转账");
insert into bill(sender, payee, value, type)
values (104, 118, 89040.36651674463, "转账");
insert into bill(sender, payee, value, type)
values (105, 125, 200677.48052786238, "转账");
insert into bill(payee, value, type)
values (103, 155202.15916989688, "存款");
insert into bill(sender, payee, value, type)
values (106, 134, 212367.25310500592, "转账");
insert into bill(payee, value, type)
values (100, 855048.0541490206, "存款");
insert into bill(payee, value, type)
values (100, 265655.927346925, "存款");
insert into bill(sender, payee, value, type)
values (107, 111, 56152.43305052753, "转账");
insert into bill(sender, payee, value, type)
values (107, 127, 58834.75066873145, "转账");
insert into bill(sender, value, type)
values (107, 325135.80207518465, "取款");
insert into bill(sender, payee, value, type)
values (108, 147, 525325.6641212581, "转账");
insert into bill(sender, value, type)
values (108, 958002.1698713452, "取款");
insert into bill(sender, value, type)
values (108, 438559.06569090317, "取款");
insert into bill(sender, payee, value, type)
values (108, 102, 876832.6814897961, "转账");
insert into bill(sender, payee, value, type)
values (108, 115, 170999.53621908516, "转账");
insert into bill(payee, value, type)
values (145, 891044.1428405115, "存款");
insert into bill(payee, value, type)
values (123, 719494.924521539, "存款");
insert into bill(payee, value, type)
values (145, 550899.4961452044, "存款");
insert into bill(sender, value, type)
values (109, 394957.9679917894, "取款");
insert into bill(payee, value, type)
values (120, 794345.9387571503, "存款");
insert into bill(sender, value, type)
values (109, 421001.06227901066, "取款");
insert into bill(payee, value, type)
values (132, 16494.824269167595, "存款");
insert into bill(payee, value, type)
values (130, 633018.6455160648, "存款");
insert into bill(payee, value, type)
values (102, 820675.6440449068, "存款");
insert into bill(sender, value, type)
values (111, 418149.45686990424, "取款");
insert into bill(sender, value, type)
values (111, 215605.21891590988, "取款");
insert into bill(payee, value, type)
values (120, 323448.07042342174, "存款");
insert into bill(sender, value, type)
values (112, 813391.799900692, "取款");
insert into bill(sender, value, type)
values (113, 70203.75371687715, "取款");
insert into bill(sender, payee, value, type)
values (114, 129, 337224.02677322796, "转账");
insert into bill(payee, value, type)
values (131, 151999.3272480672, "存款");
insert into bill(payee, value, type)
values (107, 423331.85983087996, "存款");
insert into bill(payee, value, type)
values (136, 91587.20304599233, "存款");
insert into bill(sender, payee, value, type)
values (115, 107, 22665.04209221154, "转账");
insert into bill(sender, payee, value, type)
values (115, 137, 692804.14599093, "转账");
insert into bill(payee, value, type)
values (136, 748795.4847600654, "存款");
insert into bill(sender, value, type)
values (116, 878538.730882231, "取款");
insert into bill(payee, value, type)
values (112, 554220.3814511227, "存款");
insert into bill(sender, payee, value, type)
values (116, 133, 905364.2903944107, "转账");
insert into bill(sender, payee, value, type)
values (116, 138, 972621.9407978485, "转账");
insert into bill(sender, value, type)
values (116, 994835.2622725639, "取款");
insert into bill(sender, payee, value, type)
values (116, 146, 148009.82192420374, "转账");
insert into bill(payee, value, type)
values (102, 174916.89064841854, "存款");
insert into bill(payee, value, type)
values (129, 793848.9020298544, "存款");
insert into bill(payee, value, type)
values (148, 465962.9624556127, "存款");
insert into bill(payee, value, type)
values (144, 118687.6904479941, "存款");
insert into bill(sender, payee, value, type)
values (119, 142, 763265.580739571, "转账");
insert into bill(sender, value, type)
values (119, 493887.1651696326, "取款");
insert into bill(sender, payee, value, type)
values (119, 105, 735692.3894520574, "转账");
insert into bill(payee, value, type)
values (122, 717315.8928597389, "存款");
insert into bill(sender, payee, value, type)
values (121, 123, 276305.2020093305, "转账");
insert into bill(sender, value, type)
values (121, 733850.3722428138, "取款");
insert into bill(sender, value, type)
values (121, 467849.7273626272, "取款");
insert into bill(sender, value, type)
values (122, 223426.701858925, "取款");
insert into bill(sender, payee, value, type)
values (123, 109, 664953.4325514433, "转账");
insert into bill(sender, payee, value, type)
values (123, 122, 203415.48891168914, "转账");
insert into bill(payee, value, type)
values (114, 29856.04368527739, "存款");
insert into bill(payee, value, type)
values (134, 835799.0962187739, "存款");
insert into bill(payee, value, type)
values (118, 5263.245916206971, "存款");
insert into bill(sender, value, type)
values (123, 760792.352352602, "取款");
insert into bill(sender, payee, value, type)
values (125, 136, 140674.01012912372, "转账");
insert into bill(sender, payee, value, type)
values (125, 119, 996983.8418136935, "转账");
insert into bill(sender, value, type)
values (125, 347549.97554235725, "取款");
insert into bill(payee, value, type)
values (100, 276457.9209790166, "存款");
insert into bill(payee, value, type)
values (141, 567120.887348643, "存款");
insert into bill(sender, payee, value, type)
values (126, 106, 383266.68948846945, "转账");
insert into bill(sender, value, type)
values (127, 328.4769691794809, "取款");
insert into bill(payee, value, type)
values (100, 710293.767632612, "存款");
insert into bill(sender, payee, value, type)
values (128, 122, 22845.697042605196, "转账");
insert into bill(payee, value, type)
values (111, 109531.66878593435, "存款");
insert into bill(sender, value, type)
values (129, 552927.7345541279, "取款");
insert into bill(sender, payee, value, type)
values (130, 106, 679139.6039013979, "转账");
insert into bill(payee, value, type)
values (122, 932289.2486324677, "存款");
insert into bill(sender, value, type)
values (130, 422277.58768193214, "取款");
insert into bill(payee, value, type)
values (111, 866250.7801694631, "存款");
insert into bill(payee, value, type)
values (100, 304019.19767341344, "存款");
insert into bill(sender, payee, value, type)
values (130, 108, 200231.57383638513, "转账");
insert into bill(payee, value, type)
values (146, 80304.14749526881, "存款");
insert into bill(sender, payee, value, type)
values (130, 146, 825871.4723735303, "转账");
insert into bill(sender, payee, value, type)
values (131, 137, 437289.4296701614, "转账");
insert into bill(payee, value, type)
values (128, 488387.9917197943, "存款");
insert into bill(payee, value, type)
values (107, 461274.9870435668, "存款");
insert into bill(payee, value, type)
values (118, 66552.80487008886, "存款");
insert into bill(payee, value, type)
values (142, 618819.3527756105, "存款");
insert into bill(sender, value, type)
values (134, 42337.132193979385, "取款");
insert into bill(sender, payee, value, type)
values (134, 114, 904021.8891014012, "转账");
insert into bill(sender, value, type)
values (134, 863656.1063510987, "取款");
insert into bill(sender, value, type)
values (135, 317299.85404355323, "取款");
insert into bill(sender, payee, value, type)
values (135, 145, 29589.775363448865, "转账");
insert into bill(payee, value, type)
values (100, 466179.07321995124, "存款");
insert into bill(sender, payee, value, type)
values (136, 116, 511810.46755771374, "转账");
insert into bill(sender, value, type)
values (136, 967084.1571686326, "取款");
insert into bill(payee, value, type)
values (131, 967384.9996199937, "存款");
insert into bill(sender, payee, value, type)
values (136, 111, 641891.8229540183, "转账");
insert into bill(payee, value, type)
values (101, 431015.2876527245, "存款");
insert into bill(payee, value, type)
values (101, 458758.39233605366, "存款");
insert into bill(sender, value, type)
values (138, 135376.9525886379, "取款");
insert into bill(sender, payee, value, type)
values (138, 120, 551099.0731538392, "转账");
insert into bill(sender, value, type)
values (139, 813825.5066222374, "取款");
insert into bill(sender, value, type)
values (139, 648362.954579131, "取款");
insert into bill(sender, payee, value, type)
values (139, 119, 808745.5904416835, "转账");
insert into bill(payee, value, type)
values (112, 286597.35246171936, "存款");
insert into bill(payee, value, type)
values (135, 250114.68959300153, "存款");
insert into bill(payee, value, type)
values (106, 333286.6978437356, "存款");
insert into bill(payee, value, type)
values (139, 449764.3003975237, "存款");
insert into bill(payee, value, type)
values (113, 159798.73247750985, "存款");
insert into bill(sender, value, type)
values (142, 930327.3193085156, "取款");
insert into bill(payee, value, type)
values (137, 162816.48863103316, "存款");
insert into bill(payee, value, type)
values (104, 546073.8111216341, "存款");
insert into bill(sender, value, type)
values (142, 906072.4016833534, "取款");
insert into bill(sender, payee, value, type)
values (143, 147, 705954.4579535727, "转账");
insert into bill(sender, value, type)
values (144, 627764.6962230505, "取款");
insert into bill(sender, value, type)
values (144, 721072.178038539, "取款");
insert into bill(payee, value, type)
values (144, 323116.49072388926, "存款");
insert into bill(payee, value, type)
values (109, 159498.71203176692, "存款");
insert into bill(payee, value, type)
values (124, 357376.98835280264, "存款");
insert into bill(payee, value, type)
values (146, 853682.6908355467, "存款");
insert into bill(sender, value, type)
values (145, 348993.5339585396, "取款");
insert into bill(sender, payee, value, type)
values (145, 123, 281252.87046766933, "转账");
insert into bill(sender, payee, value, type)
values (146, 111, 957326.7777459389, "转账");
insert into bill(sender, payee, value, type)
values (146, 126, 923619.1854287445, "转账");
insert into bill(payee, value, type)
values (135, 309913.7158639442, "存款");
insert into bill(sender, payee, value, type)
values (147, 113, 240136.77633313014, "转账");
insert into bill(sender, payee, value, type)
values (147, 145, 150231.1748932823, "转账");
insert into bill(sender, payee, value, type)
values (147, 135, 561468.2356393232, "转账");
insert into bill(sender, payee, value, type)
values (148, 139, 266849.08828244003, "转账");
insert into bill(sender, value, type)
values (148, 36081.469157399515, "取款");
insert into bill(payee, value, type)
values (148, 580560.4910843492, "存款");
insert into bill(payee, value, type)
values (143, 763568.3029547, "存款");
insert into bill(sender, value, type)
values (148, 684591.058644101, "取款");
insert into BANKCARD(BANKCARDNUMBER, PASSWORD, BANK_NAME)
values (1074066707, 111111, "工商银行");
insert into USER_BANKCARD(USERID, BANKCARDNUMBER)
values (100, 1074066707);
insert into BANKCARD(BANKCARDNUMBER, PASSWORD, BANK_NAME)
values (494768046, 111111, "中国银行");
insert into USER_BANKCARD(USERID, BANKCARDNUMBER)
values (100, 494768046);
insert into BANKCARD(BANKCARDNUMBER, PASSWORD, BANK_NAME)
values (442621908, 111111, "工商银行");
insert into USER_BANKCARD(USERID, BANKCARDNUMBER)
values (100, 442621908);
insert into BANKCARD(BANKCARDNUMBER, PASSWORD, BANK_NAME)
values (489818655, 111111, "中国银行");
insert into USER_BANKCARD(USERID, BANKCARDNUMBER)
values (100, 489818655);
insert into BANKCARD(BANKCARDNUMBER, PASSWORD, BANK_NAME)
values (659218314, 111111, "建设银行");
insert into USER_BANKCARD(USERID, BANKCARDNUMBER)
values (101, 659218314);
insert into BANKCARD(BANKCARDNUMBER, PASSWORD, BANK_NAME)
values (1095775399, 111111, "工商银行");
insert into USER_BANKCARD(USERID, BANKCARDNUMBER)
values (101, 1095775399);
insert into BANKCARD(BANKCARDNUMBER, PASSWORD, BANK_NAME)
values (462069213, 111111, "中国银行");
insert into USER_BANKCARD(USERID, BANKCARDNUMBER)
values (101, 462069213);
insert into BANKCARD(BANKCARDNUMBER, PASSWORD, BANK_NAME)
values (177080502, 111111, "工商银行");
insert into USER_BANKCARD(USERID, BANKCARDNUMBER)
values (101, 177080502);
insert into BANKCARD(BANKCARDNUMBER, PASSWORD, BANK_NAME)
values (588055810, 111111, "工商银行");
insert into USER_BANKCARD(USERID, BANKCARDNUMBER)
values (101, 588055810);
insert into BANKCARD(BANKCARDNUMBER, PASSWORD, BANK_NAME)
values (607840397, 111111, "中国银行");
insert into USER_BANKCARD(USERID, BANKCARDNUMBER)
values (101, 607840397);
insert into BANKCARD(BANKCARDNUMBER, PASSWORD, BANK_NAME)
values (1003105932, 111111, "工商银行");
insert into USER_BANKCARD(USERID, BANKCARDNUMBER)
values (101, 1003105932);
insert into BANKCARD(BANKCARDNUMBER, PASSWORD, BANK_NAME)
values (406738614, 111111, "建设银行");
insert into USER_BANKCARD(USERID, BANKCARDNUMBER)
values (102, 406738614);
insert into BANKCARD(BANKCARDNUMBER, PASSWORD, BANK_NAME)
values (940344668, 111111, "建设银行");
insert into USER_BANKCARD(USERID, BANKCARDNUMBER)
values (103, 940344668);
insert into BANKCARD(BANKCARDNUMBER, PASSWORD, BANK_NAME)
values (1062332963, 111111, "中国银行");
insert into USER_BANKCARD(USERID, BANKCARDNUMBER)
values (103, 1062332963);
insert into BANKCARD(BANKCARDNUMBER, PASSWORD, BANK_NAME)
values (1005391024, 111111, "建设银行");
insert into USER_BANKCARD(USERID, BANKCARDNUMBER)
values (103, 1005391024);
insert into BANKCARD(BANKCARDNUMBER, PASSWORD, BANK_NAME)
values (1085309726, 111111, "中国银行");
insert into USER_BANKCARD(USERID, BANKCARDNUMBER)
values (104, 1085309726);
insert into BANKCARD(BANKCARDNUMBER, PASSWORD, BANK_NAME)
values (439268076, 111111, "工商银行");
insert into USER_BANKCARD(USERID, BANKCARDNUMBER)
values (104, 439268076);
insert into BANKCARD(BANKCARDNUMBER, PASSWORD, BANK_NAME)
values (651213248, 111111, "建设银行");
insert into USER_BANKCARD(USERID, BANKCARDNUMBER)
values (104, 651213248);
insert into BANKCARD(BANKCARDNUMBER, PASSWORD, BANK_NAME)
values (292899398, 111111, "中国银行");
insert into USER_BANKCARD(USERID, BANKCARDNUMBER)
values (105, 292899398);
insert into BANKCARD(BANKCARDNUMBER, PASSWORD, BANK_NAME)
values (229610979, 111111, "建设银行");
insert into USER_BANKCARD(USERID, BANKCARDNUMBER)
values (105, 229610979);
insert into BANKCARD(BANKCARDNUMBER, PASSWORD, BANK_NAME)
values (415792951, 111111, "中国银行");
insert into USER_BANKCARD(USERID, BANKCARDNUMBER)
values (105, 415792951);
insert into BANKCARD(BANKCARDNUMBER, PASSWORD, BANK_NAME)
values (318750861, 111111, "工商银行");
insert into USER_BANKCARD(USERID, BANKCARDNUMBER)
values (105, 318750861);
insert into BANKCARD(BANKCARDNUMBER, PASSWORD, BANK_NAME)
values (266589194, 111111, "中国银行");
insert into USER_BANKCARD(USERID, BANKCARDNUMBER)
values (106, 266589194);
insert into BANKCARD(BANKCARDNUMBER, PASSWORD, BANK_NAME)
values (361095623, 111111, "建设银行");
insert into USER_BANKCARD(USERID, BANKCARDNUMBER)
values (106, 361095623);
insert into BANKCARD(BANKCARDNUMBER, PASSWORD, BANK_NAME)
values (301335919, 111111, "工商银行");
insert into USER_BANKCARD(USERID, BANKCARDNUMBER)
values (106, 301335919);
insert into BANKCARD(BANKCARDNUMBER, PASSWORD, BANK_NAME)
values (312655876, 111111, "工商银行");
insert into USER_BANKCARD(USERID, BANKCARDNUMBER)
values (107, 312655876);
insert into BANKCARD(BANKCARDNUMBER, PASSWORD, BANK_NAME)
values (559017728, 111111, "中国银行");
insert into USER_BANKCARD(USERID, BANKCARDNUMBER)
values (107, 559017728);
insert into BANKCARD(BANKCARDNUMBER, PASSWORD, BANK_NAME)
values (794561222, 111111, "建设银行");
insert into USER_BANKCARD(USERID, BANKCARDNUMBER)
values (107, 794561222);
insert into BANKCARD(BANKCARDNUMBER, PASSWORD, BANK_NAME)
values (580857887, 111111, "工商银行");
insert into USER_BANKCARD(USERID, BANKCARDNUMBER)
values (107, 580857887);
insert into BANKCARD(BANKCARDNUMBER, PASSWORD, BANK_NAME)
values (321272179, 111111, "建设银行");
insert into USER_BANKCARD(USERID, BANKCARDNUMBER)
values (107, 321272179);
insert into BANKCARD(BANKCARDNUMBER, PASSWORD, BANK_NAME)
values (894268908, 111111, "中国银行");
insert into USER_BANKCARD(USERID, BANKCARDNUMBER)
values (108, 894268908);
insert into BANKCARD(BANKCARDNUMBER, PASSWORD, BANK_NAME)
values (223756257, 111111, "中国银行");
insert into USER_BANKCARD(USERID, BANKCARDNUMBER)
values (108, 223756257);
insert into BANKCARD(BANKCARDNUMBER, PASSWORD, BANK_NAME)
values (551106767, 111111, "中国银行");
insert into USER_BANKCARD(USERID, BANKCARDNUMBER)
values (109, 551106767);
insert into BANKCARD(BANKCARDNUMBER, PASSWORD, BANK_NAME)
values (178475975, 111111, "工商银行");
insert into USER_BANKCARD(USERID, BANKCARDNUMBER)
values (109, 178475975);
insert into BANKCARD(BANKCARDNUMBER, PASSWORD, BANK_NAME)
values (353963992, 111111, "建设银行");
insert into USER_BANKCARD(USERID, BANKCARDNUMBER)
values (110, 353963992);
insert into BANKCARD(BANKCARDNUMBER, PASSWORD, BANK_NAME)
values (391045108, 111111, "中国银行");
insert into USER_BANKCARD(USERID, BANKCARDNUMBER)
values (110, 391045108);
insert into BANKCARD(BANKCARDNUMBER, PASSWORD, BANK_NAME)
values (337884714, 111111, "中国银行");
insert into USER_BANKCARD(USERID, BANKCARDNUMBER)
values (110, 337884714);
insert into BANKCARD(BANKCARDNUMBER, PASSWORD, BANK_NAME)
values (248097336, 111111, "中国银行");
insert into USER_BANKCARD(USERID, BANKCARDNUMBER)
values (110, 248097336);
insert into BANKCARD(BANKCARDNUMBER, PASSWORD, BANK_NAME)
values (587934640, 111111, "工商银行");
insert into USER_BANKCARD(USERID, BANKCARDNUMBER)
values (111, 587934640);
insert into BANKCARD(BANKCARDNUMBER, PASSWORD, BANK_NAME)
values (671209036, 111111, "工商银行");
insert into USER_BANKCARD(USERID, BANKCARDNUMBER)
values (111, 671209036);
insert into BANKCARD(BANKCARDNUMBER, PASSWORD, BANK_NAME)
values (259881836, 111111, "工商银行");
insert into USER_BANKCARD(USERID, BANKCARDNUMBER)
values (111, 259881836);
insert into BANKCARD(BANKCARDNUMBER, PASSWORD, BANK_NAME)
values (451257838, 111111, "中国银行");
insert into USER_BANKCARD(USERID, BANKCARDNUMBER)
values (111, 451257838);
insert into BANKCARD(BANKCARDNUMBER, PASSWORD, BANK_NAME)
values (1067341324, 111111, "建设银行");
insert into USER_BANKCARD(USERID, BANKCARDNUMBER)
values (111, 1067341324);
insert into BANKCARD(BANKCARDNUMBER, PASSWORD, BANK_NAME)
values (326514894, 111111, "建设银行");
insert into USER_BANKCARD(USERID, BANKCARDNUMBER)
values (112, 326514894);
insert into BANKCARD(BANKCARDNUMBER, PASSWORD, BANK_NAME)
values (902040774, 111111, "工商银行");
insert into USER_BANKCARD(USERID, BANKCARDNUMBER)
values (112, 902040774);
insert into BANKCARD(BANKCARDNUMBER, PASSWORD, BANK_NAME)
values (887725753, 111111, "中国银行");
insert into USER_BANKCARD(USERID, BANKCARDNUMBER)
values (112, 887725753);
insert into BANKCARD(BANKCARDNUMBER, PASSWORD, BANK_NAME)
values (326888586, 111111, "中国银行");
insert into USER_BANKCARD(USERID, BANKCARDNUMBER)
values (113, 326888586);
insert into BANKCARD(BANKCARDNUMBER, PASSWORD, BANK_NAME)
values (739111893, 111111, "中国银行");
insert into USER_BANKCARD(USERID, BANKCARDNUMBER)
values (113, 739111893);
insert into BANKCARD(BANKCARDNUMBER, PASSWORD, BANK_NAME)
values (523734666, 111111, "建设银行");
insert into USER_BANKCARD(USERID, BANKCARDNUMBER)
values (113, 523734666);
insert into BANKCARD(BANKCARDNUMBER, PASSWORD, BANK_NAME)
values (1034564964, 111111, "工商银行");
insert into USER_BANKCARD(USERID, BANKCARDNUMBER)
values (113, 1034564964);
insert into BANKCARD(BANKCARDNUMBER, PASSWORD, BANK_NAME)
values (1075261655, 111111, "工商银行");
insert into USER_BANKCARD(USERID, BANKCARDNUMBER)
values (114, 1075261655);
insert into BANKCARD(BANKCARDNUMBER, PASSWORD, BANK_NAME)
values (404295911, 111111, "中国银行");
insert into USER_BANKCARD(USERID, BANKCARDNUMBER)
values (114, 404295911);
insert into BANKCARD(BANKCARDNUMBER, PASSWORD, BANK_NAME)
values (895049096, 111111, "建设银行");
insert into USER_BANKCARD(USERID, BANKCARDNUMBER)
values (115, 895049096);
insert into BANKCARD(BANKCARDNUMBER, PASSWORD, BANK_NAME)
values (315316858, 111111, "工商银行");
insert into USER_BANKCARD(USERID, BANKCARDNUMBER)
values (115, 315316858);
insert into BANKCARD(BANKCARDNUMBER, PASSWORD, BANK_NAME)
values (382794125, 111111, "工商银行");
insert into USER_BANKCARD(USERID, BANKCARDNUMBER)
values (116, 382794125);
insert into BANKCARD(BANKCARDNUMBER, PASSWORD, BANK_NAME)
values (164219948, 111111, "建设银行");
insert into USER_BANKCARD(USERID, BANKCARDNUMBER)
values (116, 164219948);
insert into BANKCARD(BANKCARDNUMBER, PASSWORD, BANK_NAME)
values (821583544, 111111, "建设银行");
insert into USER_BANKCARD(USERID, BANKCARDNUMBER)
values (116, 821583544);
insert into BANKCARD(BANKCARDNUMBER, PASSWORD, BANK_NAME)
values (882653614, 111111, "中国银行");
insert into USER_BANKCARD(USERID, BANKCARDNUMBER)
values (116, 882653614);
insert into BANKCARD(BANKCARDNUMBER, PASSWORD, BANK_NAME)
values (1067101384, 111111, "中国银行");
insert into USER_BANKCARD(USERID, BANKCARDNUMBER)
values (116, 1067101384);
insert into BANKCARD(BANKCARDNUMBER, PASSWORD, BANK_NAME)
values (930899173, 111111, "工商银行");
insert into USER_BANKCARD(USERID, BANKCARDNUMBER)
values (117, 930899173);
insert into BANKCARD(BANKCARDNUMBER, PASSWORD, BANK_NAME)
values (217018139, 111111, "中国银行");
insert into USER_BANKCARD(USERID, BANKCARDNUMBER)
values (117, 217018139);
insert into BANKCARD(BANKCARDNUMBER, PASSWORD, BANK_NAME)
values (845789365, 111111, "中国银行");
insert into USER_BANKCARD(USERID, BANKCARDNUMBER)
values (117, 845789365);
insert into BANKCARD(BANKCARDNUMBER, PASSWORD, BANK_NAME)
values (253308189, 111111, "建设银行");
insert into USER_BANKCARD(USERID, BANKCARDNUMBER)
values (118, 253308189);
insert into BANKCARD(BANKCARDNUMBER, PASSWORD, BANK_NAME)
values (987522454, 111111, "建设银行");
insert into USER_BANKCARD(USERID, BANKCARDNUMBER)
values (118, 987522454);
insert into BANKCARD(BANKCARDNUMBER, PASSWORD, BANK_NAME)
values (648089776, 111111, "中国银行");
insert into USER_BANKCARD(USERID, BANKCARDNUMBER)
values (118, 648089776);
insert into BANKCARD(BANKCARDNUMBER, PASSWORD, BANK_NAME)
values (381541592, 111111, "建设银行");
insert into USER_BANKCARD(USERID, BANKCARDNUMBER)
values (119, 381541592);
insert into BANKCARD(BANKCARDNUMBER, PASSWORD, BANK_NAME)
values (324622473, 111111, "工商银行");
insert into USER_BANKCARD(USERID, BANKCARDNUMBER)
values (119, 324622473);
insert into BANKCARD(BANKCARDNUMBER, PASSWORD, BANK_NAME)
values (941127592, 111111, "建设银行");
insert into USER_BANKCARD(USERID, BANKCARDNUMBER)
values (119, 941127592);
insert into BANKCARD(BANKCARDNUMBER, PASSWORD, BANK_NAME)
values (894848990, 111111, "中国银行");
insert into USER_BANKCARD(USERID, BANKCARDNUMBER)
values (119, 894848990);
insert into BANKCARD(BANKCARDNUMBER, PASSWORD, BANK_NAME)
values (697783430, 111111, "工商银行");
insert into USER_BANKCARD(USERID, BANKCARDNUMBER)
values (120, 697783430);
insert into BANKCARD(BANKCARDNUMBER, PASSWORD, BANK_NAME)
values (143828417, 111111, "建设银行");
insert into USER_BANKCARD(USERID, BANKCARDNUMBER)
values (120, 143828417);
insert into BANKCARD(BANKCARDNUMBER, PASSWORD, BANK_NAME)
values (906200696, 111111, "中国银行");
insert into USER_BANKCARD(USERID, BANKCARDNUMBER)
values (121, 906200696);
insert into BANKCARD(BANKCARDNUMBER, PASSWORD, BANK_NAME)
values (960884253, 111111, "中国银行");
insert into USER_BANKCARD(USERID, BANKCARDNUMBER)
values (121, 960884253);
insert into BANKCARD(BANKCARDNUMBER, PASSWORD, BANK_NAME)
values (460084026, 111111, "工商银行");
insert into USER_BANKCARD(USERID, BANKCARDNUMBER)
values (121, 460084026);
insert into BANKCARD(BANKCARDNUMBER, PASSWORD, BANK_NAME)
values (622021927, 111111, "建设银行");
insert into USER_BANKCARD(USERID, BANKCARDNUMBER)
values (121, 622021927);
insert into BANKCARD(BANKCARDNUMBER, PASSWORD, BANK_NAME)
values (1045187332, 111111, "中国银行");
insert into USER_BANKCARD(USERID, BANKCARDNUMBER)
values (121, 1045187332);
insert into BANKCARD(BANKCARDNUMBER, PASSWORD, BANK_NAME)
values (152186854, 111111, "中国银行");
insert into USER_BANKCARD(USERID, BANKCARDNUMBER)
values (121, 152186854);
insert into BANKCARD(BANKCARDNUMBER, PASSWORD, BANK_NAME)
values (171202764, 111111, "中国银行");
insert into USER_BANKCARD(USERID, BANKCARDNUMBER)
values (122, 171202764);
insert into BANKCARD(BANKCARDNUMBER, PASSWORD, BANK_NAME)
values (192628098, 111111, "工商银行");
insert into USER_BANKCARD(USERID, BANKCARDNUMBER)
values (122, 192628098);
insert into BANKCARD(BANKCARDNUMBER, PASSWORD, BANK_NAME)
values (1098753095, 111111, "中国银行");
insert into USER_BANKCARD(USERID, BANKCARDNUMBER)
values (122, 1098753095);
insert into BANKCARD(BANKCARDNUMBER, PASSWORD, BANK_NAME)
values (719852810, 111111, "工商银行");
insert into USER_BANKCARD(USERID, BANKCARDNUMBER)
values (123, 719852810);
insert into BANKCARD(BANKCARDNUMBER, PASSWORD, BANK_NAME)
values (800757313, 111111, "建设银行");
insert into USER_BANKCARD(USERID, BANKCARDNUMBER)
values (123, 800757313);
insert into BANKCARD(BANKCARDNUMBER, PASSWORD, BANK_NAME)
values (821376067, 111111, "工商银行");
insert into USER_BANKCARD(USERID, BANKCARDNUMBER)
values (123, 821376067);
insert into BANKCARD(BANKCARDNUMBER, PASSWORD, BANK_NAME)
values (220052233, 111111, "建设银行");
insert into USER_BANKCARD(USERID, BANKCARDNUMBER)
values (124, 220052233);
insert into BANKCARD(BANKCARDNUMBER, PASSWORD, BANK_NAME)
values (961672578, 111111, "中国银行");
insert into USER_BANKCARD(USERID, BANKCARDNUMBER)
values (124, 961672578);
insert into BANKCARD(BANKCARDNUMBER, PASSWORD, BANK_NAME)
values (515571015, 111111, "工商银行");
insert into USER_BANKCARD(USERID, BANKCARDNUMBER)
values (124, 515571015);
insert into BANKCARD(BANKCARDNUMBER, PASSWORD, BANK_NAME)
values (344381596, 111111, "中国银行");
insert into USER_BANKCARD(USERID, BANKCARDNUMBER)
values (124, 344381596);
insert into BANKCARD(BANKCARDNUMBER, PASSWORD, BANK_NAME)
values (347114862, 111111, "中国银行");
insert into USER_BANKCARD(USERID, BANKCARDNUMBER)
values (125, 347114862);
insert into BANKCARD(BANKCARDNUMBER, PASSWORD, BANK_NAME)
values (955993278, 111111, "工商银行");
insert into USER_BANKCARD(USERID, BANKCARDNUMBER)
values (125, 955993278);
insert into BANKCARD(BANKCARDNUMBER, PASSWORD, BANK_NAME)
values (1090899930, 111111, "工商银行");
insert into USER_BANKCARD(USERID, BANKCARDNUMBER)
values (125, 1090899930);
insert into BANKCARD(BANKCARDNUMBER, PASSWORD, BANK_NAME)
values (227531519, 111111, "建设银行");
insert into USER_BANKCARD(USERID, BANKCARDNUMBER)
values (125, 227531519);
insert into BANKCARD(BANKCARDNUMBER, PASSWORD, BANK_NAME)
values (794826830, 111111, "工商银行");
insert into USER_BANKCARD(USERID, BANKCARDNUMBER)
values (126, 794826830);
insert into BANKCARD(BANKCARDNUMBER, PASSWORD, BANK_NAME)
values (1093444946, 111111, "建设银行");
insert into USER_BANKCARD(USERID, BANKCARDNUMBER)
values (126, 1093444946);
insert into BANKCARD(BANKCARDNUMBER, PASSWORD, BANK_NAME)
values (919405006, 111111, "工商银行");
insert into USER_BANKCARD(USERID, BANKCARDNUMBER)
values (127, 919405006);
insert into BANKCARD(BANKCARDNUMBER, PASSWORD, BANK_NAME)
values (826966406, 111111, "工商银行");
insert into USER_BANKCARD(USERID, BANKCARDNUMBER)
values (128, 826966406);
insert into BANKCARD(BANKCARDNUMBER, PASSWORD, BANK_NAME)
values (872040483, 111111, "中国银行");
insert into USER_BANKCARD(USERID, BANKCARDNUMBER)
values (128, 872040483);
insert into BANKCARD(BANKCARDNUMBER, PASSWORD, BANK_NAME)
values (199366297, 111111, "中国银行");
insert into USER_BANKCARD(USERID, BANKCARDNUMBER)
values (129, 199366297);
insert into BANKCARD(BANKCARDNUMBER, PASSWORD, BANK_NAME)
values (555216697, 111111, "建设银行");
insert into USER_BANKCARD(USERID, BANKCARDNUMBER)
values (129, 555216697);
insert into BANKCARD(BANKCARDNUMBER, PASSWORD, BANK_NAME)
values (853631729, 111111, "中国银行");
insert into USER_BANKCARD(USERID, BANKCARDNUMBER)
values (129, 853631729);
insert into BANKCARD(BANKCARDNUMBER, PASSWORD, BANK_NAME)
values (642479340, 111111, "中国银行");
insert into USER_BANKCARD(USERID, BANKCARDNUMBER)
values (130, 642479340);
insert into BANKCARD(BANKCARDNUMBER, PASSWORD, BANK_NAME)
values (875365989, 111111, "工商银行");
insert into USER_BANKCARD(USERID, BANKCARDNUMBER)
values (130, 875365989);
insert into BANKCARD(BANKCARDNUMBER, PASSWORD, BANK_NAME)
values (314995362, 111111, "工商银行");
insert into USER_BANKCARD(USERID, BANKCARDNUMBER)
values (130, 314995362);
insert into BANKCARD(BANKCARDNUMBER, PASSWORD, BANK_NAME)
values (996701595, 111111, "工商银行");
insert into USER_BANKCARD(USERID, BANKCARDNUMBER)
values (130, 996701595);
insert into BANKCARD(BANKCARDNUMBER, PASSWORD, BANK_NAME)
values (542838186, 111111, "工商银行");
insert into USER_BANKCARD(USERID, BANKCARDNUMBER)
values (131, 542838186);
insert into BANKCARD(BANKCARDNUMBER, PASSWORD, BANK_NAME)
values (276662767, 111111, "建设银行");
insert into USER_BANKCARD(USERID, BANKCARDNUMBER)
values (131, 276662767);
insert into BANKCARD(BANKCARDNUMBER, PASSWORD, BANK_NAME)
values (692445203, 111111, "中国银行");
insert into USER_BANKCARD(USERID, BANKCARDNUMBER)
values (131, 692445203);
insert into BANKCARD(BANKCARDNUMBER, PASSWORD, BANK_NAME)
values (414339816, 111111, "建设银行");
insert into USER_BANKCARD(USERID, BANKCARDNUMBER)
values (131, 414339816);
insert into BANKCARD(BANKCARDNUMBER, PASSWORD, BANK_NAME)
values (726556848, 111111, "中国银行");
insert into USER_BANKCARD(USERID, BANKCARDNUMBER)
values (131, 726556848);
insert into BANKCARD(BANKCARDNUMBER, PASSWORD, BANK_NAME)
values (657818939, 111111, "中国银行");
insert into USER_BANKCARD(USERID, BANKCARDNUMBER)
values (132, 657818939);
insert into BANKCARD(BANKCARDNUMBER, PASSWORD, BANK_NAME)
values (1077538842, 111111, "工商银行");
insert into USER_BANKCARD(USERID, BANKCARDNUMBER)
values (134, 1077538842);
insert into BANKCARD(BANKCARDNUMBER, PASSWORD, BANK_NAME)
values (301610937, 111111, "中国银行");
insert into USER_BANKCARD(USERID, BANKCARDNUMBER)
values (135, 301610937);
insert into BANKCARD(BANKCARDNUMBER, PASSWORD, BANK_NAME)
values (1049922375, 111111, "建设银行");
insert into USER_BANKCARD(USERID, BANKCARDNUMBER)
values (135, 1049922375);
insert into BANKCARD(BANKCARDNUMBER, PASSWORD, BANK_NAME)
values (748256304, 111111, "中国银行");
insert into USER_BANKCARD(USERID, BANKCARDNUMBER)
values (135, 748256304);
insert into BANKCARD(BANKCARDNUMBER, PASSWORD, BANK_NAME)
values (700892227, 111111, "中国银行");
insert into USER_BANKCARD(USERID, BANKCARDNUMBER)
values (136, 700892227);
insert into BANKCARD(BANKCARDNUMBER, PASSWORD, BANK_NAME)
values (1037371975, 111111, "建设银行");
insert into USER_BANKCARD(USERID, BANKCARDNUMBER)
values (137, 1037371975);
insert into BANKCARD(BANKCARDNUMBER, PASSWORD, BANK_NAME)
values (750511093, 111111, "建设银行");
insert into USER_BANKCARD(USERID, BANKCARDNUMBER)
values (138, 750511093);
insert into BANKCARD(BANKCARDNUMBER, PASSWORD, BANK_NAME)
values (467497524, 111111, "建设银行");
insert into USER_BANKCARD(USERID, BANKCARDNUMBER)
values (138, 467497524);
insert into BANKCARD(BANKCARDNUMBER, PASSWORD, BANK_NAME)
values (745316450, 111111, "工商银行");
insert into USER_BANKCARD(USERID, BANKCARDNUMBER)
values (140, 745316450);
insert into BANKCARD(BANKCARDNUMBER, PASSWORD, BANK_NAME)
values (521599093, 111111, "建设银行");
insert into USER_BANKCARD(USERID, BANKCARDNUMBER)
values (141, 521599093);
insert into BANKCARD(BANKCARDNUMBER, PASSWORD, BANK_NAME)
values (525606143, 111111, "中国银行");
insert into USER_BANKCARD(USERID, BANKCARDNUMBER)
values (141, 525606143);
insert into BANKCARD(BANKCARDNUMBER, PASSWORD, BANK_NAME)
values (814193838, 111111, "中国银行");
insert into USER_BANKCARD(USERID, BANKCARDNUMBER)
values (141, 814193838);
insert into BANKCARD(BANKCARDNUMBER, PASSWORD, BANK_NAME)
values (451009925, 111111, "工商银行");
insert into USER_BANKCARD(USERID, BANKCARDNUMBER)
values (141, 451009925);
insert into BANKCARD(BANKCARDNUMBER, PASSWORD, BANK_NAME)
values (771088305, 111111, "建设银行");
insert into USER_BANKCARD(USERID, BANKCARDNUMBER)
values (141, 771088305);
insert into BANKCARD(BANKCARDNUMBER, PASSWORD, BANK_NAME)
values (248004799, 111111, "建设银行");
insert into USER_BANKCARD(USERID, BANKCARDNUMBER)
values (142, 248004799);
insert into BANKCARD(BANKCARDNUMBER, PASSWORD, BANK_NAME)
values (962908290, 111111, "建设银行");
insert into USER_BANKCARD(USERID, BANKCARDNUMBER)
values (143, 962908290);
insert into BANKCARD(BANKCARDNUMBER, PASSWORD, BANK_NAME)
values (330608429, 111111, "建设银行");
insert into USER_BANKCARD(USERID, BANKCARDNUMBER)
values (144, 330608429);
insert into BANKCARD(BANKCARDNUMBER, PASSWORD, BANK_NAME)
values (931322471, 111111, "工商银行");
insert into USER_BANKCARD(USERID, BANKCARDNUMBER)
values (144, 931322471);
insert into BANKCARD(BANKCARDNUMBER, PASSWORD, BANK_NAME)
values (788174193, 111111, "建设银行");
insert into USER_BANKCARD(USERID, BANKCARDNUMBER)
values (144, 788174193);
insert into BANKCARD(BANKCARDNUMBER, PASSWORD, BANK_NAME)
values (670249946, 111111, "中国银行");
insert into USER_BANKCARD(USERID, BANKCARDNUMBER)
values (144, 670249946);
insert into BANKCARD(BANKCARDNUMBER, PASSWORD, BANK_NAME)
values (353538690, 111111, "工商银行");
insert into USER_BANKCARD(USERID, BANKCARDNUMBER)
values (144, 353538690);
insert into BANKCARD(BANKCARDNUMBER, PASSWORD, BANK_NAME)
values (629174777, 111111, "中国银行");
insert into USER_BANKCARD(USERID, BANKCARDNUMBER)
values (144, 629174777);
insert into BANKCARD(BANKCARDNUMBER, PASSWORD, BANK_NAME)
values (973410095, 111111, "建设银行");
insert into USER_BANKCARD(USERID, BANKCARDNUMBER)
values (144, 973410095);
insert into BANKCARD(BANKCARDNUMBER, PASSWORD, BANK_NAME)
values (168678405, 111111, "建设银行");
insert into USER_BANKCARD(USERID, BANKCARDNUMBER)
values (145, 168678405);
insert into BANKCARD(BANKCARDNUMBER, PASSWORD, BANK_NAME)
values (379514850, 111111, "工商银行");
insert into USER_BANKCARD(USERID, BANKCARDNUMBER)
values (145, 379514850);
insert into BANKCARD(BANKCARDNUMBER, PASSWORD, BANK_NAME)
values (861746000, 111111, "中国银行");
insert into USER_BANKCARD(USERID, BANKCARDNUMBER)
values (145, 861746000);
insert into BANKCARD(BANKCARDNUMBER, PASSWORD, BANK_NAME)
values (946278949, 111111, "建设银行");
insert into USER_BANKCARD(USERID, BANKCARDNUMBER)
values (146, 946278949);
insert into BANKCARD(BANKCARDNUMBER, PASSWORD, BANK_NAME)
values (414725581, 111111, "工商银行");
insert into USER_BANKCARD(USERID, BANKCARDNUMBER)
values (146, 414725581);
insert into BANKCARD(BANKCARDNUMBER, PASSWORD, BANK_NAME)
values (377125650, 111111, "工商银行");
insert into USER_BANKCARD(USERID, BANKCARDNUMBER)
values (146, 377125650);
insert into BANKCARD(BANKCARDNUMBER, PASSWORD, BANK_NAME)
values (276228196, 111111, "工商银行");
insert into USER_BANKCARD(USERID, BANKCARDNUMBER)
values (146, 276228196);
insert into BANKCARD(BANKCARDNUMBER, PASSWORD, BANK_NAME)
values (561501046, 111111, "建设银行");
insert into USER_BANKCARD(USERID, BANKCARDNUMBER)
values (147, 561501046);
insert into BANKCARD(BANKCARDNUMBER, PASSWORD, BANK_NAME)
values (1064055207, 111111, "中国银行");
insert into USER_BANKCARD(USERID, BANKCARDNUMBER)
values (147, 1064055207);
insert into BANKCARD(BANKCARDNUMBER, PASSWORD, BANK_NAME)
values (469488717, 111111, "工商银行");
insert into USER_BANKCARD(USERID, BANKCARDNUMBER)
values (148, 469488717);
insert into BANKCARD(BANKCARDNUMBER, PASSWORD, BANK_NAME)
values (1073583725, 111111, "建设银行");
insert into USER_BANKCARD(USERID, BANKCARDNUMBER)
values (149, 1073583725);
insert into BANKCARD(BANKCARDNUMBER, PASSWORD, BANK_NAME)
values (938570199, 111111, "建设银行");
insert into USER_BANKCARD(USERID, BANKCARDNUMBER)
values (149, 938570199);
insert into BANKCARD(BANKCARDNUMBER, PASSWORD, BANK_NAME)
values (353589129, 111111, "中国银行");
insert into USER_BANKCARD(USERID, BANKCARDNUMBER)
values (149, 353589129);
