insert into user(id,password) values(100,"100");
insert into user(id,password) values(101,"101");
insert into user(id,password) values(102,"102");
insert into user(id,password) values(103,"103");
insert into user(id,password) values(104,"104");
insert into user(id,password) values(105,"105");
insert into user(id,password) values(106,"106");
insert into user(id,password) values(107,"107");
insert into user(id,password) values(108,"108");
insert into user(id,password) values(109,"109");
insert into user(id,password) values(110,"110");
insert into user(id,password) values(111,"111");
insert into user(id,password) values(112,"112");
insert into user(id,password) values(113,"113");
insert into user(id,password) values(114,"114");
insert into user(id,password) values(115,"115");
insert into user(id,password) values(116,"116");
insert into user(id,password) values(117,"117");
insert into user(id,password) values(118,"118");
insert into user(id,password) values(119,"119");
insert into user(id,password) values(120,"120");
insert into user(id,password) values(121,"121");
insert into user(id,password) values(122,"122");
insert into user(id,password) values(123,"123");
insert into user(id,password) values(124,"124");
insert into user(id,password) values(125,"125");
insert into user(id,password) values(126,"126");
insert into user(id,password) values(127,"127");
insert into user(id,password) values(128,"128");
insert into user(id,password) values(129,"129");
insert into user(id,password) values(130,"130");
insert into user(id,password) values(131,"131");
insert into user(id,password) values(132,"132");
insert into user(id,password) values(133,"133");
insert into user(id,password) values(134,"134");
insert into user(id,password) values(135,"135");
insert into user(id,password) values(136,"136");
insert into user(id,password) values(137,"137");
insert into user(id,password) values(138,"138");
insert into user(id,password) values(139,"139");
insert into user(id,password) values(140,"140");
insert into user(id,password) values(141,"141");
insert into user(id,password) values(142,"142");
insert into user(id,password) values(143,"143");
insert into user(id,password) values(144,"144");
insert into user(id,password) values(145,"145");
insert into user(id,password) values(146,"146");
insert into user(id,password) values(147,"147");
insert into user(id,password) values(148,"148");
insert into user(id,password) values(149,"149");
insert into bill(payee,value,type) values(101,434347.40398238826,"存款");
insert into bill(sender,value,type) values(100,69207.4090225131,"取款");
insert into bill(sender,payee,value,type) values(100,131,258504.58147663978,"转账");
insert into bill(sender,value,type) values(100,951360.8015204222,"取款");
insert into bill(sender,value,type) values(100,704270.2660204127,"取款");
insert into bill(sender,value,type) values(100,282928.1288195311,"取款");
insert into bill(payee,value,type) values(136,686320.7382431942,"存款");
insert into bill(sender,payee,value,type) values(100,111,632550.0018570548,"转账");
insert into bill(sender,payee,value,type) values(101,109,44809.765513994294,"转账");
insert into bill(sender,value,type) values(101,847687.8735152411,"取款");
insert into bill(sender,payee,value,type) values(103,117,466951.0754230103,"转账");
insert into bill(payee,value,type) values(137,655138.7461712651,"存款");
insert into bill(sender,payee,value,type) values(103,133,721396.6313938713,"转账");
insert into bill(sender,value,type) values(103,797273.3131452411,"取款");
insert into bill(payee,value,type) values(145,383327.91798073665,"存款");
insert into bill(sender,value,type) values(104,702911.8575331243,"取款");
insert into bill(sender,payee,value,type) values(104,140,39163.40458422207,"转账");
insert into bill(payee,value,type) values(124,624132.002022748,"存款");
insert into bill(sender,value,type) values(105,322225.2303290458,"取款");
insert into bill(sender,value,type) values(105,380253.2396000627,"取款");
insert into bill(sender,payee,value,type) values(106,124,62580.27172063474,"转账");
insert into bill(sender,payee,value,type) values(106,141,71572.86672673769,"转账");
insert into bill(sender,payee,value,type) values(108,128,713633.5244405061,"转账");
insert into bill(sender,value,type) values(109,940749.0040956548,"取款");
insert into bill(sender,payee,value,type) values(109,111,4500.119691887127,"转账");
insert into bill(payee,value,type) values(114,634941.7611434314,"存款");
insert into bill(sender,payee,value,type) values(110,137,387774.0799107512,"转账");
insert into bill(payee,value,type) values(131,970387.7575398983,"存款");
insert into bill(sender,payee,value,type) values(110,116,47149.946877000584,"转账");
insert into bill(sender,value,type) values(110,570408.314785646,"取款");
insert into bill(sender,value,type) values(110,626383.1717878365,"取款");
insert into bill(payee,value,type) values(118,502108.6142962938,"存款");
insert into bill(sender,value,type) values(111,199568.90085348257,"取款");
insert into bill(sender,payee,value,type) values(111,123,994094.6231977746,"转账");
insert into bill(sender,value,type) values(111,156561.38168840948,"取款");
insert into bill(sender,payee,value,type) values(111,125,444324.87842182757,"转账");
insert into bill(sender,value,type) values(112,462120.19286688766,"取款");
insert into bill(sender,payee,value,type) values(112,124,888471.6036246893,"转账");
insert into bill(payee,value,type) values(136,707782.5368715695,"存款");
insert into bill(payee,value,type) values(125,535640.0803813253,"存款");
insert into bill(sender,payee,value,type) values(112,105,519836.0935504299,"转账");
insert into bill(sender,payee,value,type) values(113,140,111221.93864988605,"转账");
insert into bill(payee,value,type) values(119,905232.0488822656,"存款");
insert into bill(sender,payee,value,type) values(114,121,826466.5547244299,"转账");
insert into bill(payee,value,type) values(113,692143.5142816646,"存款");
insert into bill(sender,payee,value,type) values(115,120,122661.79876198013,"转账");
insert into bill(sender,value,type) values(115,632809.6068169536,"取款");
insert into bill(sender,payee,value,type) values(115,119,651439.3458474163,"转账");
insert into bill(sender,value,type) values(115,792584.8485981146,"取款");
insert into bill(payee,value,type) values(119,168710.65992222002,"存款");
insert into bill(payee,value,type) values(116,338460.3385175157,"存款");
insert into bill(sender,payee,value,type) values(115,110,121285.53491883798,"转账");
insert into bill(payee,value,type) values(115,530209.6351987228,"存款");
insert into bill(sender,value,type) values(116,261440.96328033172,"取款");
insert into bill(sender,payee,value,type) values(116,117,831643.7616316779,"转账");
insert into bill(sender,payee,value,type) values(116,104,547145.0664332998,"转账");
insert into bill(payee,value,type) values(133,352335.14712380053,"存款");
insert into bill(sender,value,type) values(117,813432.2475701171,"取款");
insert into bill(payee,value,type) values(145,401879.1270070109,"存款");
insert into bill(payee,value,type) values(124,295156.2948895452,"存款");
insert into bill(sender,payee,value,type) values(117,111,992499.2966164274,"转账");
insert into bill(sender,value,type) values(117,631068.3437281579,"取款");
insert into bill(sender,payee,value,type) values(117,115,812657.0406485308,"转账");
insert into bill(sender,value,type) values(118,119997.83430364552,"取款");
insert into bill(sender,value,type) values(119,941694.9261808604,"取款");
insert into bill(sender,value,type) values(119,856114.9621025049,"取款");
insert into bill(sender,value,type) values(120,539117.073240106,"取款");
insert into bill(sender,payee,value,type) values(121,114,623182.6960726996,"转账");
insert into bill(sender,payee,value,type) values(121,112,441829.54802055185,"转账");
insert into bill(payee,value,type) values(128,887099.2466340006,"存款");
insert into bill(sender,value,type) values(122,124624.82627860171,"取款");
insert into bill(sender,value,type) values(122,282995.8867995017,"取款");
insert into bill(sender,value,type) values(123,371560.16895956337,"取款");
insert into bill(payee,value,type) values(137,827285.9833927188,"存款");
insert into bill(payee,value,type) values(124,55211.591345705194,"存款");
insert into bill(payee,value,type) values(110,536342.2745721628,"存款");
insert into bill(sender,value,type) values(124,221581.64003950986,"取款");
insert into bill(sender,payee,value,type) values(124,121,967678.0917739017,"转账");
insert into bill(sender,payee,value,type) values(124,133,104410.50047943201,"转账");
insert into bill(sender,value,type) values(124,850052.665156918,"取款");
insert into bill(payee,value,type) values(100,341372.9143888663,"存款");
insert into bill(sender,payee,value,type) values(125,109,602537.9476791234,"转账");
insert into bill(sender,value,type) values(126,836365.7697163075,"取款");
insert into bill(sender,payee,value,type) values(126,101,214175.8511787317,"转账");
insert into bill(sender,value,type) values(127,292456.5063620136,"取款");
insert into bill(payee,value,type) values(119,425437.08537946077,"存款");
insert into bill(payee,value,type) values(139,62139.47670844355,"存款");
insert into bill(payee,value,type) values(118,267023.1953890738,"存款");
insert into bill(payee,value,type) values(122,211778.3773474222,"存款");
insert into bill(payee,value,type) values(141,388907.0271179119,"存款");
insert into bill(payee,value,type) values(133,796003.1089283582,"存款");
insert into bill(payee,value,type) values(136,76386.247026191,"存款");
insert into bill(sender,payee,value,type) values(129,127,918083.0939804685,"转账");
insert into bill(payee,value,type) values(123,576634.1292130612,"存款");
insert into bill(sender,payee,value,type) values(129,114,803550.2640449613,"转账");
insert into bill(payee,value,type) values(114,289326.19253274094,"存款");
insert into bill(payee,value,type) values(104,256791.4490009926,"存款");
insert into bill(sender,value,type) values(130,156302.89077891092,"取款");
insert into bill(sender,payee,value,type) values(131,125,641046.685466864,"转账");
insert into bill(sender,value,type) values(131,258462.05621146545,"取款");
insert into bill(payee,value,type) values(123,411117.53110857273,"存款");
insert into bill(payee,value,type) values(114,598331.2042467417,"存款");
insert into bill(payee,value,type) values(119,48604.968376165234,"存款");
insert into bill(sender,value,type) values(131,774759.3883006711,"取款");
insert into bill(sender,value,type) values(131,379335.03096544073,"取款");
insert into bill(sender,value,type) values(132,423293.2294716089,"取款");
insert into bill(sender,value,type) values(132,594633.4624229653,"取款");
insert into bill(sender,value,type) values(133,88692.26341266834,"取款");
insert into bill(sender,value,type) values(133,584467.3405101403,"取款");
insert into bill(sender,value,type) values(133,226093.5202900448,"取款");
insert into bill(sender,payee,value,type) values(133,131,433133.20650054264,"转账");
insert into bill(sender,value,type) values(134,136251.74612459046,"取款");
insert into bill(sender,payee,value,type) values(134,140,966441.2311130437,"转账");
insert into bill(payee,value,type) values(126,928251.2149738402,"存款");
insert into bill(sender,value,type) values(135,600735.8963197942,"取款");
insert into bill(sender,payee,value,type) values(135,144,609313.4223338313,"转账");
insert into bill(payee,value,type) values(102,97739.50636248253,"存款");
insert into bill(sender,payee,value,type) values(136,143,903317.6948914396,"转账");
insert into bill(sender,value,type) values(136,128312.73106287778,"取款");
insert into bill(sender,payee,value,type) values(136,128,940351.0509153508,"转账");
insert into bill(payee,value,type) values(135,19264.97524279014,"存款");
insert into bill(payee,value,type) values(109,27894.388850790096,"存款");
insert into bill(sender,value,type) values(136,793339.7334451907,"取款");
insert into bill(sender,payee,value,type) values(136,105,70556.15971095186,"转账");
insert into bill(sender,value,type) values(136,246967.2436627124,"取款");
insert into bill(sender,payee,value,type) values(137,142,174675.2444553079,"转账");
insert into bill(sender,payee,value,type) values(137,116,619579.3610973036,"转账");
insert into bill(sender,payee,value,type) values(137,133,908103.0520736855,"转账");
insert into bill(sender,payee,value,type) values(137,120,482037.63235299115,"转账");
insert into bill(sender,value,type) values(138,472613.3495745749,"取款");
insert into bill(sender,value,type) values(138,592281.4772537426,"取款");
insert into bill(sender,value,type) values(139,68389.82560588059,"取款");
insert into bill(payee,value,type) values(101,400201.7452738962,"存款");
insert into bill(sender,payee,value,type) values(139,132,250147.83997187062,"转账");
insert into bill(payee,value,type) values(123,6748.792811436477,"存款");
insert into bill(sender,value,type) values(140,161110.4370922687,"取款");
insert into bill(sender,payee,value,type) values(140,105,203725.82111332903,"转账");
insert into bill(sender,value,type) values(140,296412.76397733553,"取款");
insert into bill(payee,value,type) values(100,32162.69519792192,"存款");
insert into bill(payee,value,type) values(102,849099.1086454664,"存款");
insert into bill(sender,value,type) values(141,96092.29027274468,"取款");
insert into bill(sender,value,type) values(141,377811.89513917954,"取款");
insert into bill(sender,value,type) values(141,516642.0798687247,"取款");
insert into bill(payee,value,type) values(133,169303.72223789158,"存款");
insert into bill(payee,value,type) values(142,738085.5447211178,"存款");
insert into bill(sender,value,type) values(141,767772.4825605798,"取款");
insert into bill(payee,value,type) values(132,598677.4072058409,"存款");
insert into bill(sender,value,type) values(141,84287.17461292678,"取款");
insert into bill(sender,payee,value,type) values(141,120,543686.5137007603,"转账");
insert into bill(sender,value,type) values(142,818802.4088643903,"取款");
insert into bill(sender,value,type) values(142,628797.0853468912,"取款");
insert into bill(sender,payee,value,type) values(142,140,683829.7190668726,"转账");
insert into bill(sender,value,type) values(143,211696.9391425938,"取款");
insert into bill(sender,value,type) values(143,699711.1527638249,"取款");
insert into bill(sender,value,type) values(143,256188.0006477265,"取款");
insert into bill(sender,value,type) values(143,444151.8641616571,"取款");
insert into bill(payee,value,type) values(115,134117.71495981285,"存款");
insert into bill(sender,payee,value,type) values(143,132,35889.37020833949,"转账");
insert into bill(payee,value,type) values(117,199809.7893235695,"存款");
insert into bill(sender,value,type) values(144,200257.07796733882,"取款");
insert into bill(sender,value,type) values(144,921968.9208787532,"取款");
insert into bill(payee,value,type) values(142,575029.7169363515,"存款");
insert into bill(sender,value,type) values(146,564720.3347838499,"取款");
insert into bill(sender,payee,value,type) values(146,109,952173.5729706737,"转账");
insert into bill(sender,payee,value,type) values(146,136,811730.7289297038,"转账");
insert into bill(sender,payee,value,type) values(146,122,323432.1124860197,"转账");
insert into bill(payee,value,type) values(147,820616.9295162391,"存款");
insert into bill(sender,payee,value,type) values(146,136,118062.26589959946,"转账");
insert into bill(payee,value,type) values(111,866358.4471263854,"存款");
insert into bill(sender,value,type) values(147,618243.7367991909,"取款");
insert into bill(sender,payee,value,type) values(147,120,739969.2147068533,"转账");
insert into bill(sender,payee,value,type) values(148,121,922477.3354051926,"转账");
insert into bill(sender,value,type) values(148,914785.7303520148,"取款");
insert into bill(payee,value,type) values(139,719035.2967831149,"存款");
insert into bill(payee,value,type) values(145,708959.4888888677,"存款");
insert into bill(payee,value,type) values(120,521399.8642468819,"存款");
insert into bill(sender,value,type) values(149,428192.1426285291,"取款");
insert into bill(payee,value,type) values(107,850440.9223222061,"存款");
insert into BANKCARD(BANKCARDNUMBER,PASSWORD,BANK_NAME) values(584000123,111111,"中国银行");
insert into USER_BANKCARD(USERID,BANKCARDNUMBER) values(100,584000123);
insert into BANKCARD(BANKCARDNUMBER,PASSWORD,BANK_NAME) values(409661960,111111,"中国银行");
insert into USER_BANKCARD(USERID,BANKCARDNUMBER) values(100,409661960);
insert into BANKCARD(BANKCARDNUMBER,PASSWORD,BANK_NAME) values(369383035,111111,"中国银行");
insert into USER_BANKCARD(USERID,BANKCARDNUMBER) values(102,369383035);
insert into BANKCARD(BANKCARDNUMBER,PASSWORD,BANK_NAME) values(538293191,111111,"建设银行");
insert into USER_BANKCARD(USERID,BANKCARDNUMBER) values(102,538293191);
insert into BANKCARD(BANKCARDNUMBER,PASSWORD,BANK_NAME) values(219208007,111111,"建设银行");
insert into USER_BANKCARD(USERID,BANKCARDNUMBER) values(102,219208007);
insert into BANKCARD(BANKCARDNUMBER,PASSWORD,BANK_NAME) values(956075949,111111,"工商银行");
insert into USER_BANKCARD(USERID,BANKCARDNUMBER) values(102,956075949);
insert into BANKCARD(BANKCARDNUMBER,PASSWORD,BANK_NAME) values(1089830730,111111,"中国银行");
insert into USER_BANKCARD(USERID,BANKCARDNUMBER) values(103,1089830730);
insert into BANKCARD(BANKCARDNUMBER,PASSWORD,BANK_NAME) values(740956189,111111,"工商银行");
insert into USER_BANKCARD(USERID,BANKCARDNUMBER) values(103,740956189);
insert into BANKCARD(BANKCARDNUMBER,PASSWORD,BANK_NAME) values(744998516,111111,"工商银行");
insert into USER_BANKCARD(USERID,BANKCARDNUMBER) values(103,744998516);
insert into BANKCARD(BANKCARDNUMBER,PASSWORD,BANK_NAME) values(870155920,111111,"工商银行");
insert into USER_BANKCARD(USERID,BANKCARDNUMBER) values(104,870155920);
insert into BANKCARD(BANKCARDNUMBER,PASSWORD,BANK_NAME) values(374667001,111111,"建设银行");
insert into USER_BANKCARD(USERID,BANKCARDNUMBER) values(104,374667001);
insert into BANKCARD(BANKCARDNUMBER,PASSWORD,BANK_NAME) values(1090874367,111111,"中国银行");
insert into USER_BANKCARD(USERID,BANKCARDNUMBER) values(104,1090874367);
insert into BANKCARD(BANKCARDNUMBER,PASSWORD,BANK_NAME) values(393369191,111111,"建设银行");
insert into USER_BANKCARD(USERID,BANKCARDNUMBER) values(105,393369191);
insert into BANKCARD(BANKCARDNUMBER,PASSWORD,BANK_NAME) values(879425502,111111,"中国银行");
insert into USER_BANKCARD(USERID,BANKCARDNUMBER) values(105,879425502);
insert into BANKCARD(BANKCARDNUMBER,PASSWORD,BANK_NAME) values(224170701,111111,"建设银行");
insert into USER_BANKCARD(USERID,BANKCARDNUMBER) values(105,224170701);
insert into BANKCARD(BANKCARDNUMBER,PASSWORD,BANK_NAME) values(114948726,111111,"工商银行");
insert into USER_BANKCARD(USERID,BANKCARDNUMBER) values(107,114948726);
insert into BANKCARD(BANKCARDNUMBER,PASSWORD,BANK_NAME) values(483287439,111111,"建设银行");
insert into USER_BANKCARD(USERID,BANKCARDNUMBER) values(107,483287439);
insert into BANKCARD(BANKCARDNUMBER,PASSWORD,BANK_NAME) values(927903062,111111,"中国银行");
insert into USER_BANKCARD(USERID,BANKCARDNUMBER) values(107,927903062);
insert into BANKCARD(BANKCARDNUMBER,PASSWORD,BANK_NAME) values(1059168124,111111,"建设银行");
insert into USER_BANKCARD(USERID,BANKCARDNUMBER) values(107,1059168124);
insert into BANKCARD(BANKCARDNUMBER,PASSWORD,BANK_NAME) values(248230417,111111,"中国银行");
insert into USER_BANKCARD(USERID,BANKCARDNUMBER) values(108,248230417);
insert into BANKCARD(BANKCARDNUMBER,PASSWORD,BANK_NAME) values(208437201,111111,"中国银行");
insert into USER_BANKCARD(USERID,BANKCARDNUMBER) values(108,208437201);
insert into BANKCARD(BANKCARDNUMBER,PASSWORD,BANK_NAME) values(141320265,111111,"工商银行");
insert into USER_BANKCARD(USERID,BANKCARDNUMBER) values(109,141320265);
insert into BANKCARD(BANKCARDNUMBER,PASSWORD,BANK_NAME) values(649296004,111111,"中国银行");
insert into USER_BANKCARD(USERID,BANKCARDNUMBER) values(109,649296004);
insert into BANKCARD(BANKCARDNUMBER,PASSWORD,BANK_NAME) values(1059926655,111111,"中国银行");
insert into USER_BANKCARD(USERID,BANKCARDNUMBER) values(109,1059926655);
insert into BANKCARD(BANKCARDNUMBER,PASSWORD,BANK_NAME) values(243507306,111111,"中国银行");
insert into USER_BANKCARD(USERID,BANKCARDNUMBER) values(109,243507306);
insert into BANKCARD(BANKCARDNUMBER,PASSWORD,BANK_NAME) values(348391059,111111,"中国银行");
insert into USER_BANKCARD(USERID,BANKCARDNUMBER) values(110,348391059);
insert into BANKCARD(BANKCARDNUMBER,PASSWORD,BANK_NAME) values(584412148,111111,"工商银行");
insert into USER_BANKCARD(USERID,BANKCARDNUMBER) values(110,584412148);
insert into BANKCARD(BANKCARDNUMBER,PASSWORD,BANK_NAME) values(511452557,111111,"工商银行");
insert into USER_BANKCARD(USERID,BANKCARDNUMBER) values(111,511452557);
insert into BANKCARD(BANKCARDNUMBER,PASSWORD,BANK_NAME) values(610515351,111111,"中国银行");
insert into USER_BANKCARD(USERID,BANKCARDNUMBER) values(111,610515351);
insert into BANKCARD(BANKCARDNUMBER,PASSWORD,BANK_NAME) values(213685918,111111,"建设银行");
insert into USER_BANKCARD(USERID,BANKCARDNUMBER) values(111,213685918);
insert into BANKCARD(BANKCARDNUMBER,PASSWORD,BANK_NAME) values(640988756,111111,"工商银行");
insert into USER_BANKCARD(USERID,BANKCARDNUMBER) values(112,640988756);
insert into BANKCARD(BANKCARDNUMBER,PASSWORD,BANK_NAME) values(524899445,111111,"建设银行");
insert into USER_BANKCARD(USERID,BANKCARDNUMBER) values(114,524899445);
insert into BANKCARD(BANKCARDNUMBER,PASSWORD,BANK_NAME) values(594457156,111111,"建设银行");
insert into USER_BANKCARD(USERID,BANKCARDNUMBER) values(115,594457156);
insert into BANKCARD(BANKCARDNUMBER,PASSWORD,BANK_NAME) values(353591017,111111,"建设银行");
insert into USER_BANKCARD(USERID,BANKCARDNUMBER) values(115,353591017);
insert into BANKCARD(BANKCARDNUMBER,PASSWORD,BANK_NAME) values(892364497,111111,"中国银行");
insert into USER_BANKCARD(USERID,BANKCARDNUMBER) values(115,892364497);
insert into BANKCARD(BANKCARDNUMBER,PASSWORD,BANK_NAME) values(1070661022,111111,"建设银行");
insert into USER_BANKCARD(USERID,BANKCARDNUMBER) values(115,1070661022);
insert into BANKCARD(BANKCARDNUMBER,PASSWORD,BANK_NAME) values(610292908,111111,"建设银行");
insert into USER_BANKCARD(USERID,BANKCARDNUMBER) values(115,610292908);
insert into BANKCARD(BANKCARDNUMBER,PASSWORD,BANK_NAME) values(799119204,111111,"中国银行");
insert into USER_BANKCARD(USERID,BANKCARDNUMBER) values(115,799119204);
insert into BANKCARD(BANKCARDNUMBER,PASSWORD,BANK_NAME) values(255601770,111111,"建设银行");
insert into USER_BANKCARD(USERID,BANKCARDNUMBER) values(116,255601770);
insert into BANKCARD(BANKCARDNUMBER,PASSWORD,BANK_NAME) values(771658570,111111,"建设银行");
insert into USER_BANKCARD(USERID,BANKCARDNUMBER) values(116,771658570);
insert into BANKCARD(BANKCARDNUMBER,PASSWORD,BANK_NAME) values(912474599,111111,"建设银行");
insert into USER_BANKCARD(USERID,BANKCARDNUMBER) values(117,912474599);
insert into BANKCARD(BANKCARDNUMBER,PASSWORD,BANK_NAME) values(826649971,111111,"建设银行");
insert into USER_BANKCARD(USERID,BANKCARDNUMBER) values(118,826649971);
insert into BANKCARD(BANKCARDNUMBER,PASSWORD,BANK_NAME) values(255820884,111111,"中国银行");
insert into USER_BANKCARD(USERID,BANKCARDNUMBER) values(118,255820884);
insert into BANKCARD(BANKCARDNUMBER,PASSWORD,BANK_NAME) values(135052049,111111,"中国银行");
insert into USER_BANKCARD(USERID,BANKCARDNUMBER) values(118,135052049);
insert into BANKCARD(BANKCARDNUMBER,PASSWORD,BANK_NAME) values(270225674,111111,"建设银行");
insert into USER_BANKCARD(USERID,BANKCARDNUMBER) values(119,270225674);
insert into BANKCARD(BANKCARDNUMBER,PASSWORD,BANK_NAME) values(321159691,111111,"中国银行");
insert into USER_BANKCARD(USERID,BANKCARDNUMBER) values(120,321159691);
insert into BANKCARD(BANKCARDNUMBER,PASSWORD,BANK_NAME) values(512249236,111111,"工商银行");
insert into USER_BANKCARD(USERID,BANKCARDNUMBER) values(120,512249236);
insert into BANKCARD(BANKCARDNUMBER,PASSWORD,BANK_NAME) values(829140913,111111,"工商银行");
insert into USER_BANKCARD(USERID,BANKCARDNUMBER) values(120,829140913);
insert into BANKCARD(BANKCARDNUMBER,PASSWORD,BANK_NAME) values(216723640,111111,"工商银行");
insert into USER_BANKCARD(USERID,BANKCARDNUMBER) values(120,216723640);
insert into BANKCARD(BANKCARDNUMBER,PASSWORD,BANK_NAME) values(290100218,111111,"中国银行");
insert into USER_BANKCARD(USERID,BANKCARDNUMBER) values(120,290100218);
insert into BANKCARD(BANKCARDNUMBER,PASSWORD,BANK_NAME) values(430529309,111111,"建设银行");
insert into USER_BANKCARD(USERID,BANKCARDNUMBER) values(121,430529309);
insert into BANKCARD(BANKCARDNUMBER,PASSWORD,BANK_NAME) values(389903063,111111,"中国银行");
insert into USER_BANKCARD(USERID,BANKCARDNUMBER) values(121,389903063);
insert into BANKCARD(BANKCARDNUMBER,PASSWORD,BANK_NAME) values(856849233,111111,"中国银行");
insert into USER_BANKCARD(USERID,BANKCARDNUMBER) values(121,856849233);
insert into BANKCARD(BANKCARDNUMBER,PASSWORD,BANK_NAME) values(506274688,111111,"建设银行");
insert into USER_BANKCARD(USERID,BANKCARDNUMBER) values(122,506274688);
insert into BANKCARD(BANKCARDNUMBER,PASSWORD,BANK_NAME) values(399059171,111111,"中国银行");
insert into USER_BANKCARD(USERID,BANKCARDNUMBER) values(122,399059171);
insert into BANKCARD(BANKCARDNUMBER,PASSWORD,BANK_NAME) values(746165672,111111,"工商银行");
insert into USER_BANKCARD(USERID,BANKCARDNUMBER) values(122,746165672);
insert into BANKCARD(BANKCARDNUMBER,PASSWORD,BANK_NAME) values(999700964,111111,"中国银行");
insert into USER_BANKCARD(USERID,BANKCARDNUMBER) values(123,999700964);
insert into BANKCARD(BANKCARDNUMBER,PASSWORD,BANK_NAME) values(868408963,111111,"工商银行");
insert into USER_BANKCARD(USERID,BANKCARDNUMBER) values(123,868408963);
insert into BANKCARD(BANKCARDNUMBER,PASSWORD,BANK_NAME) values(764696696,111111,"工商银行");
insert into USER_BANKCARD(USERID,BANKCARDNUMBER) values(123,764696696);
insert into BANKCARD(BANKCARDNUMBER,PASSWORD,BANK_NAME) values(1017924633,111111,"建设银行");
insert into USER_BANKCARD(USERID,BANKCARDNUMBER) values(124,1017924633);
insert into BANKCARD(BANKCARDNUMBER,PASSWORD,BANK_NAME) values(138358323,111111,"中国银行");
insert into USER_BANKCARD(USERID,BANKCARDNUMBER) values(124,138358323);
insert into BANKCARD(BANKCARDNUMBER,PASSWORD,BANK_NAME) values(798127787,111111,"工商银行");
insert into USER_BANKCARD(USERID,BANKCARDNUMBER) values(124,798127787);
insert into BANKCARD(BANKCARDNUMBER,PASSWORD,BANK_NAME) values(211282324,111111,"建设银行");
insert into USER_BANKCARD(USERID,BANKCARDNUMBER) values(125,211282324);
insert into BANKCARD(BANKCARDNUMBER,PASSWORD,BANK_NAME) values(267745089,111111,"建设银行");
insert into USER_BANKCARD(USERID,BANKCARDNUMBER) values(125,267745089);
insert into BANKCARD(BANKCARDNUMBER,PASSWORD,BANK_NAME) values(697312287,111111,"工商银行");
insert into USER_BANKCARD(USERID,BANKCARDNUMBER) values(125,697312287);
insert into BANKCARD(BANKCARDNUMBER,PASSWORD,BANK_NAME) values(330955955,111111,"中国银行");
insert into USER_BANKCARD(USERID,BANKCARDNUMBER) values(126,330955955);
insert into BANKCARD(BANKCARDNUMBER,PASSWORD,BANK_NAME) values(1068128419,111111,"中国银行");
insert into USER_BANKCARD(USERID,BANKCARDNUMBER) values(126,1068128419);
insert into BANKCARD(BANKCARDNUMBER,PASSWORD,BANK_NAME) values(585037441,111111,"中国银行");
insert into USER_BANKCARD(USERID,BANKCARDNUMBER) values(126,585037441);
insert into BANKCARD(BANKCARDNUMBER,PASSWORD,BANK_NAME) values(530027102,111111,"工商银行");
insert into USER_BANKCARD(USERID,BANKCARDNUMBER) values(126,530027102);
insert into BANKCARD(BANKCARDNUMBER,PASSWORD,BANK_NAME) values(451653349,111111,"工商银行");
insert into USER_BANKCARD(USERID,BANKCARDNUMBER) values(127,451653349);
insert into BANKCARD(BANKCARDNUMBER,PASSWORD,BANK_NAME) values(827700543,111111,"建设银行");
insert into USER_BANKCARD(USERID,BANKCARDNUMBER) values(127,827700543);
insert into BANKCARD(BANKCARDNUMBER,PASSWORD,BANK_NAME) values(732825124,111111,"中国银行");
insert into USER_BANKCARD(USERID,BANKCARDNUMBER) values(127,732825124);
insert into BANKCARD(BANKCARDNUMBER,PASSWORD,BANK_NAME) values(526820965,111111,"工商银行");
insert into USER_BANKCARD(USERID,BANKCARDNUMBER) values(127,526820965);
insert into BANKCARD(BANKCARDNUMBER,PASSWORD,BANK_NAME) values(547468131,111111,"建设银行");
insert into USER_BANKCARD(USERID,BANKCARDNUMBER) values(128,547468131);
insert into BANKCARD(BANKCARDNUMBER,PASSWORD,BANK_NAME) values(529743066,111111,"中国银行");
insert into USER_BANKCARD(USERID,BANKCARDNUMBER) values(128,529743066);
insert into BANKCARD(BANKCARDNUMBER,PASSWORD,BANK_NAME) values(541045747,111111,"建设银行");
insert into USER_BANKCARD(USERID,BANKCARDNUMBER) values(128,541045747);
insert into BANKCARD(BANKCARDNUMBER,PASSWORD,BANK_NAME) values(323067679,111111,"工商银行");
insert into USER_BANKCARD(USERID,BANKCARDNUMBER) values(128,323067679);
insert into BANKCARD(BANKCARDNUMBER,PASSWORD,BANK_NAME) values(881583047,111111,"工商银行");
insert into USER_BANKCARD(USERID,BANKCARDNUMBER) values(128,881583047);
insert into BANKCARD(BANKCARDNUMBER,PASSWORD,BANK_NAME) values(817179105,111111,"建设银行");
insert into USER_BANKCARD(USERID,BANKCARDNUMBER) values(129,817179105);
insert into BANKCARD(BANKCARDNUMBER,PASSWORD,BANK_NAME) values(825409690,111111,"中国银行");
insert into USER_BANKCARD(USERID,BANKCARDNUMBER) values(129,825409690);
insert into BANKCARD(BANKCARDNUMBER,PASSWORD,BANK_NAME) values(477518983,111111,"建设银行");
insert into USER_BANKCARD(USERID,BANKCARDNUMBER) values(130,477518983);
insert into BANKCARD(BANKCARDNUMBER,PASSWORD,BANK_NAME) values(887536979,111111,"建设银行");
insert into USER_BANKCARD(USERID,BANKCARDNUMBER) values(130,887536979);
insert into BANKCARD(BANKCARDNUMBER,PASSWORD,BANK_NAME) values(193440611,111111,"工商银行");
insert into USER_BANKCARD(USERID,BANKCARDNUMBER) values(131,193440611);
insert into BANKCARD(BANKCARDNUMBER,PASSWORD,BANK_NAME) values(1004294492,111111,"建设银行");
insert into USER_BANKCARD(USERID,BANKCARDNUMBER) values(131,1004294492);
insert into BANKCARD(BANKCARDNUMBER,PASSWORD,BANK_NAME) values(475757611,111111,"工商银行");
insert into USER_BANKCARD(USERID,BANKCARDNUMBER) values(131,475757611);
insert into BANKCARD(BANKCARDNUMBER,PASSWORD,BANK_NAME) values(600755142,111111,"中国银行");
insert into USER_BANKCARD(USERID,BANKCARDNUMBER) values(131,600755142);
insert into BANKCARD(BANKCARDNUMBER,PASSWORD,BANK_NAME) values(229686340,111111,"中国银行");
insert into USER_BANKCARD(USERID,BANKCARDNUMBER) values(132,229686340);
insert into BANKCARD(BANKCARDNUMBER,PASSWORD,BANK_NAME) values(834242269,111111,"中国银行");
insert into USER_BANKCARD(USERID,BANKCARDNUMBER) values(132,834242269);
insert into BANKCARD(BANKCARDNUMBER,PASSWORD,BANK_NAME) values(742581149,111111,"建设银行");
insert into USER_BANKCARD(USERID,BANKCARDNUMBER) values(132,742581149);
insert into BANKCARD(BANKCARDNUMBER,PASSWORD,BANK_NAME) values(647813565,111111,"中国银行");
insert into USER_BANKCARD(USERID,BANKCARDNUMBER) values(132,647813565);
insert into BANKCARD(BANKCARDNUMBER,PASSWORD,BANK_NAME) values(456527637,111111,"工商银行");
insert into USER_BANKCARD(USERID,BANKCARDNUMBER) values(132,456527637);
insert into BANKCARD(BANKCARDNUMBER,PASSWORD,BANK_NAME) values(1078631727,111111,"工商银行");
insert into USER_BANKCARD(USERID,BANKCARDNUMBER) values(132,1078631727);
insert into BANKCARD(BANKCARDNUMBER,PASSWORD,BANK_NAME) values(996292965,111111,"中国银行");
insert into USER_BANKCARD(USERID,BANKCARDNUMBER) values(133,996292965);
insert into BANKCARD(BANKCARDNUMBER,PASSWORD,BANK_NAME) values(1087033655,111111,"中国银行");
insert into USER_BANKCARD(USERID,BANKCARDNUMBER) values(133,1087033655);
insert into BANKCARD(BANKCARDNUMBER,PASSWORD,BANK_NAME) values(785913154,111111,"建设银行");
insert into USER_BANKCARD(USERID,BANKCARDNUMBER) values(133,785913154);
insert into BANKCARD(BANKCARDNUMBER,PASSWORD,BANK_NAME) values(518086538,111111,"建设银行");
insert into USER_BANKCARD(USERID,BANKCARDNUMBER) values(133,518086538);
insert into BANKCARD(BANKCARDNUMBER,PASSWORD,BANK_NAME) values(1023180031,111111,"中国银行");
insert into USER_BANKCARD(USERID,BANKCARDNUMBER) values(134,1023180031);
insert into BANKCARD(BANKCARDNUMBER,PASSWORD,BANK_NAME) values(318626769,111111,"建设银行");
insert into USER_BANKCARD(USERID,BANKCARDNUMBER) values(134,318626769);
insert into BANKCARD(BANKCARDNUMBER,PASSWORD,BANK_NAME) values(590326690,111111,"建设银行");
insert into USER_BANKCARD(USERID,BANKCARDNUMBER) values(134,590326690);
insert into BANKCARD(BANKCARDNUMBER,PASSWORD,BANK_NAME) values(293815141,111111,"工商银行");
insert into USER_BANKCARD(USERID,BANKCARDNUMBER) values(136,293815141);
insert into BANKCARD(BANKCARDNUMBER,PASSWORD,BANK_NAME) values(443148930,111111,"建设银行");
insert into USER_BANKCARD(USERID,BANKCARDNUMBER) values(136,443148930);
insert into BANKCARD(BANKCARDNUMBER,PASSWORD,BANK_NAME) values(501056274,111111,"中国银行");
insert into USER_BANKCARD(USERID,BANKCARDNUMBER) values(136,501056274);
insert into BANKCARD(BANKCARDNUMBER,PASSWORD,BANK_NAME) values(403017839,111111,"工商银行");
insert into USER_BANKCARD(USERID,BANKCARDNUMBER) values(136,403017839);
insert into BANKCARD(BANKCARDNUMBER,PASSWORD,BANK_NAME) values(988985681,111111,"工商银行");
insert into USER_BANKCARD(USERID,BANKCARDNUMBER) values(137,988985681);
insert into BANKCARD(BANKCARDNUMBER,PASSWORD,BANK_NAME) values(942730631,111111,"建设银行");
insert into USER_BANKCARD(USERID,BANKCARDNUMBER) values(137,942730631);
insert into BANKCARD(BANKCARDNUMBER,PASSWORD,BANK_NAME) values(513130944,111111,"工商银行");
insert into USER_BANKCARD(USERID,BANKCARDNUMBER) values(137,513130944);
insert into BANKCARD(BANKCARDNUMBER,PASSWORD,BANK_NAME) values(795148688,111111,"建设银行");
insert into USER_BANKCARD(USERID,BANKCARDNUMBER) values(137,795148688);
insert into BANKCARD(BANKCARDNUMBER,PASSWORD,BANK_NAME) values(739734928,111111,"中国银行");
insert into USER_BANKCARD(USERID,BANKCARDNUMBER) values(137,739734928);
insert into BANKCARD(BANKCARDNUMBER,PASSWORD,BANK_NAME) values(1020441726,111111,"建设银行");
insert into USER_BANKCARD(USERID,BANKCARDNUMBER) values(137,1020441726);
insert into BANKCARD(BANKCARDNUMBER,PASSWORD,BANK_NAME) values(333369926,111111,"建设银行");
insert into USER_BANKCARD(USERID,BANKCARDNUMBER) values(138,333369926);
insert into BANKCARD(BANKCARDNUMBER,PASSWORD,BANK_NAME) values(101601487,111111,"中国银行");
insert into USER_BANKCARD(USERID,BANKCARDNUMBER) values(139,101601487);
insert into BANKCARD(BANKCARDNUMBER,PASSWORD,BANK_NAME) values(113093854,111111,"建设银行");
insert into USER_BANKCARD(USERID,BANKCARDNUMBER) values(139,113093854);
insert into BANKCARD(BANKCARDNUMBER,PASSWORD,BANK_NAME) values(961393876,111111,"中国银行");
insert into USER_BANKCARD(USERID,BANKCARDNUMBER) values(140,961393876);
insert into BANKCARD(BANKCARDNUMBER,PASSWORD,BANK_NAME) values(649115158,111111,"中国银行");
insert into USER_BANKCARD(USERID,BANKCARDNUMBER) values(140,649115158);
insert into BANKCARD(BANKCARDNUMBER,PASSWORD,BANK_NAME) values(1081830959,111111,"工商银行");
insert into USER_BANKCARD(USERID,BANKCARDNUMBER) values(140,1081830959);
insert into BANKCARD(BANKCARDNUMBER,PASSWORD,BANK_NAME) values(592492845,111111,"工商银行");
insert into USER_BANKCARD(USERID,BANKCARDNUMBER) values(141,592492845);
insert into BANKCARD(BANKCARDNUMBER,PASSWORD,BANK_NAME) values(103842498,111111,"建设银行");
insert into USER_BANKCARD(USERID,BANKCARDNUMBER) values(141,103842498);
insert into BANKCARD(BANKCARDNUMBER,PASSWORD,BANK_NAME) values(815097080,111111,"中国银行");
insert into USER_BANKCARD(USERID,BANKCARDNUMBER) values(141,815097080);
insert into BANKCARD(BANKCARDNUMBER,PASSWORD,BANK_NAME) values(240410425,111111,"建设银行");
insert into USER_BANKCARD(USERID,BANKCARDNUMBER) values(143,240410425);
insert into BANKCARD(BANKCARDNUMBER,PASSWORD,BANK_NAME) values(865397182,111111,"工商银行");
insert into USER_BANKCARD(USERID,BANKCARDNUMBER) values(143,865397182);
insert into BANKCARD(BANKCARDNUMBER,PASSWORD,BANK_NAME) values(237927034,111111,"工商银行");
insert into USER_BANKCARD(USERID,BANKCARDNUMBER) values(143,237927034);
insert into BANKCARD(BANKCARDNUMBER,PASSWORD,BANK_NAME) values(1027948414,111111,"工商银行");
insert into USER_BANKCARD(USERID,BANKCARDNUMBER) values(143,1027948414);
insert into BANKCARD(BANKCARDNUMBER,PASSWORD,BANK_NAME) values(571803578,111111,"建设银行");
insert into USER_BANKCARD(USERID,BANKCARDNUMBER) values(143,571803578);
insert into BANKCARD(BANKCARDNUMBER,PASSWORD,BANK_NAME) values(669730944,111111,"工商银行");
insert into USER_BANKCARD(USERID,BANKCARDNUMBER) values(143,669730944);
insert into BANKCARD(BANKCARDNUMBER,PASSWORD,BANK_NAME) values(531744832,111111,"中国银行");
insert into USER_BANKCARD(USERID,BANKCARDNUMBER) values(143,531744832);
insert into BANKCARD(BANKCARDNUMBER,PASSWORD,BANK_NAME) values(1032825049,111111,"工商银行");
insert into USER_BANKCARD(USERID,BANKCARDNUMBER) values(143,1032825049);
insert into BANKCARD(BANKCARDNUMBER,PASSWORD,BANK_NAME) values(1059164303,111111,"建设银行");
insert into USER_BANKCARD(USERID,BANKCARDNUMBER) values(145,1059164303);
insert into BANKCARD(BANKCARDNUMBER,PASSWORD,BANK_NAME) values(538117698,111111,"中国银行");
insert into USER_BANKCARD(USERID,BANKCARDNUMBER) values(145,538117698);
insert into BANKCARD(BANKCARDNUMBER,PASSWORD,BANK_NAME) values(897677873,111111,"中国银行");
insert into USER_BANKCARD(USERID,BANKCARDNUMBER) values(146,897677873);
insert into BANKCARD(BANKCARDNUMBER,PASSWORD,BANK_NAME) values(184567275,111111,"中国银行");
insert into USER_BANKCARD(USERID,BANKCARDNUMBER) values(146,184567275);
insert into BANKCARD(BANKCARDNUMBER,PASSWORD,BANK_NAME) values(1049679103,111111,"建设银行");
insert into USER_BANKCARD(USERID,BANKCARDNUMBER) values(147,1049679103);
insert into BANKCARD(BANKCARDNUMBER,PASSWORD,BANK_NAME) values(377756829,111111,"工商银行");
insert into USER_BANKCARD(USERID,BANKCARDNUMBER) values(148,377756829);
insert into BANKCARD(BANKCARDNUMBER,PASSWORD,BANK_NAME) values(780815679,111111,"工商银行");
insert into USER_BANKCARD(USERID,BANKCARDNUMBER) values(148,780815679);
insert into BANKCARD(BANKCARDNUMBER,PASSWORD,BANK_NAME) values(789936994,111111,"工商银行");
insert into USER_BANKCARD(USERID,BANKCARDNUMBER) values(148,789936994);
insert into BANKCARD(BANKCARDNUMBER,PASSWORD,BANK_NAME) values(296786477,111111,"中国银行");
insert into USER_BANKCARD(USERID,BANKCARDNUMBER) values(149,296786477);
insert into BANKCARD(BANKCARDNUMBER,PASSWORD,BANK_NAME) values(597448749,111111,"中国银行");
insert into USER_BANKCARD(USERID,BANKCARDNUMBER) values(149,597448749);
insert into BANKCARD(BANKCARDNUMBER,PASSWORD,BANK_NAME) values(499564646,111111,"工商银行");
insert into USER_BANKCARD(USERID,BANKCARDNUMBER) values(149,499564646);
insert into BANKCARD(BANKCARDNUMBER,PASSWORD,BANK_NAME) values(423247992,111111,"工商银行");
insert into USER_BANKCARD(USERID,BANKCARDNUMBER) values(149,423247992);
insert into BANKCARD(BANKCARDNUMBER,PASSWORD,BANK_NAME) values(887018186,111111,"中国银行");
insert into USER_BANKCARD(USERID,BANKCARDNUMBER) values(149,887018186);
insert into BANKCARD(BANKCARDNUMBER,PASSWORD,BANK_NAME) values(248355470,111111,"中国银行");
insert into USER_BANKCARD(USERID,BANKCARDNUMBER) values(149,248355470);
insert into user(id,password) values(100,"100");
insert into user(id,password) values(101,"101");
insert into user(id,password) values(102,"102");
insert into user(id,password) values(103,"103");
insert into user(id,password) values(104,"104");
insert into user(id,password) values(105,"105");
insert into user(id,password) values(106,"106");
insert into user(id,password) values(107,"107");
insert into user(id,password) values(108,"108");
insert into user(id,password) values(109,"109");
insert into user(id,password) values(110,"110");
insert into user(id,password) values(111,"111");
insert into user(id,password) values(112,"112");
insert into user(id,password) values(113,"113");
insert into user(id,password) values(114,"114");
insert into user(id,password) values(115,"115");
insert into user(id,password) values(116,"116");
insert into user(id,password) values(117,"117");
insert into user(id,password) values(118,"118");
insert into user(id,password) values(119,"119");
insert into user(id,password) values(120,"120");
insert into user(id,password) values(121,"121");
insert into user(id,password) values(122,"122");
insert into user(id,password) values(123,"123");
insert into user(id,password) values(124,"124");
insert into user(id,password) values(125,"125");
insert into user(id,password) values(126,"126");
insert into user(id,password) values(127,"127");
insert into user(id,password) values(128,"128");
insert into user(id,password) values(129,"129");
insert into user(id,password) values(130,"130");
insert into user(id,password) values(131,"131");
insert into user(id,password) values(132,"132");
insert into user(id,password) values(133,"133");
insert into user(id,password) values(134,"134");
insert into user(id,password) values(135,"135");
insert into user(id,password) values(136,"136");
insert into user(id,password) values(137,"137");
insert into user(id,password) values(138,"138");
insert into user(id,password) values(139,"139");
insert into user(id,password) values(140,"140");
insert into user(id,password) values(141,"141");
insert into user(id,password) values(142,"142");
insert into user(id,password) values(143,"143");
insert into user(id,password) values(144,"144");
insert into user(id,password) values(145,"145");
insert into user(id,password) values(146,"146");
insert into user(id,password) values(147,"147");
insert into user(id,password) values(148,"148");
insert into user(id,password) values(149,"149");
insert into bill(payee,value,type) values(108,808555.118641065,"存款");
insert into bill(payee,value,type) values(100,878780.0527576283,"存款");
insert into bill(sender,payee,value,type) values(101,140,286651.83352217125,"转账");
insert into bill(sender,value,type) values(101,830345.8024895535,"取款");
insert into bill(payee,value,type) values(133,73440.6920534555,"存款");
insert into bill(sender,payee,value,type) values(102,103,218863.69861810352,"转账");
insert into bill(payee,value,type) values(144,286462.0133317255,"存款");
insert into bill(sender,value,type) values(102,825774.1944012995,"取款");
insert into bill(sender,value,type) values(102,342552.22109932295,"取款");
insert into bill(sender,payee,value,type) values(103,117,369233.77578756114,"转账");
insert into bill(sender,value,type) values(104,91949.12616684304,"取款");
insert into bill(sender,value,type) values(104,114165.16534086762,"取款");
insert into bill(payee,value,type) values(129,195469.515140273,"存款");
insert into bill(sender,payee,value,type) values(105,124,277835.01853663026,"转账");
insert into bill(sender,value,type) values(105,298037.1284052031,"取款");
insert into bill(sender,payee,value,type) values(105,103,80492.04845171265,"转账");
insert into bill(sender,payee,value,type) values(106,128,259724.41871994833,"转账");
insert into bill(sender,payee,value,type) values(106,141,70235.25258555585,"转账");
insert into bill(payee,value,type) values(126,253397.50087474487,"存款");
insert into bill(payee,value,type) values(143,159320.1882309363,"存款");
insert into bill(sender,value,type) values(106,278169.37053566135,"取款");
insert into bill(payee,value,type) values(142,920493.3348234085,"存款");
insert into bill(payee,value,type) values(121,452255.72704403795,"存款");
insert into bill(payee,value,type) values(147,781288.6820455526,"存款");
insert into bill(sender,value,type) values(109,261055.03604621906,"取款");
insert into bill(sender,payee,value,type) values(109,106,316222.48302674305,"转账");
insert into bill(sender,payee,value,type) values(109,100,411462.4998505538,"转账");
insert into bill(sender,value,type) values(109,304457.631445875,"取款");
insert into bill(sender,value,type) values(109,91852.44280609039,"取款");
insert into bill(sender,payee,value,type) values(110,101,5340.938068333357,"转账");
insert into bill(sender,value,type) values(110,487352.7750288005,"取款");
insert into bill(sender,payee,value,type) values(111,129,924207.95684406,"转账");
insert into bill(sender,payee,value,type) values(111,111,44384.76987993967,"转账");
insert into bill(sender,payee,value,type) values(112,137,680018.9745320848,"转账");
insert into bill(sender,value,type) values(112,517215.4609944494,"取款");
insert into bill(sender,value,type) values(112,739951.7001676403,"取款");
insert into bill(sender,payee,value,type) values(112,141,754125.8192886987,"转账");
insert into bill(sender,payee,value,type) values(112,142,92115.1547890221,"转账");
insert into bill(sender,value,type) values(112,974675.7326605994,"取款");
insert into bill(payee,value,type) values(132,963451.7388895324,"存款");
insert into bill(sender,value,type) values(112,861399.9144029936,"取款");
insert into bill(sender,value,type) values(112,380467.63828367135,"取款");
insert into bill(sender,payee,value,type) values(113,128,122987.02648162718,"转账");
insert into bill(sender,payee,value,type) values(113,104,137400.28572519825,"转账");
insert into bill(payee,value,type) values(129,623231.1931442984,"存款");
insert into bill(sender,payee,value,type) values(113,115,328448.24914965086,"转账");
insert into bill(sender,payee,value,type) values(113,101,158519.34262712375,"转账");
insert into bill(sender,payee,value,type) values(113,146,498678.49650561233,"转账");
insert into bill(sender,value,type) values(113,622718.1695092104,"取款");
insert into bill(payee,value,type) values(116,307033.339639706,"存款");
insert into bill(payee,value,type) values(114,508518.199904779,"存款");
insert into bill(sender,payee,value,type) values(114,114,135222.8957560846,"转账");
insert into bill(sender,payee,value,type) values(115,116,865856.9576523387,"转账");
insert into bill(sender,payee,value,type) values(115,115,196788.40311753555,"转账");
insert into bill(sender,value,type) values(115,372423.7270053926,"取款");
insert into bill(sender,value,type) values(115,928144.7581032395,"取款");
insert into bill(sender,payee,value,type) values(116,117,860353.3270667274,"转账");
insert into bill(payee,value,type) values(142,865709.2170226002,"存款");
insert into bill(sender,value,type) values(116,351112.09575252933,"取款");
insert into bill(sender,payee,value,type) values(116,127,691337.4474720396,"转账");
insert into bill(payee,value,type) values(135,387443.7651276742,"存款");
insert into bill(sender,payee,value,type) values(117,112,828274.756943165,"转账");
insert into bill(sender,value,type) values(117,512663.0318743378,"取款");
insert into bill(payee,value,type) values(142,668731.1088047487,"存款");
insert into bill(payee,value,type) values(108,899562.7489962142,"存款");
insert into bill(sender,payee,value,type) values(118,124,865233.4618408297,"转账");
insert into bill(sender,payee,value,type) values(119,103,839079.0566607327,"转账");
insert into bill(sender,payee,value,type) values(119,113,283400.3470668682,"转账");
insert into bill(payee,value,type) values(148,158428.15773208518,"存款");
insert into bill(sender,value,type) values(119,567666.6284738298,"取款");
insert into bill(sender,value,type) values(119,765129.7358045009,"取款");
insert into bill(payee,value,type) values(103,655922.3661961226,"存款");
insert into bill(payee,value,type) values(131,763036.0721271993,"存款");
insert into bill(payee,value,type) values(123,422162.9159835473,"存款");
insert into bill(payee,value,type) values(137,501538.2581956811,"存款");
insert into bill(sender,value,type) values(121,29982.27534003006,"取款");
insert into bill(sender,payee,value,type) values(121,101,455032.7501022354,"转账");
insert into bill(sender,value,type) values(121,792636.370081313,"取款");
insert into bill(payee,value,type) values(102,873909.3958501294,"存款");
insert into bill(payee,value,type) values(104,132699.81231045246,"存款");
insert into bill(sender,payee,value,type) values(122,137,989124.4967122702,"转账");
insert into bill(payee,value,type) values(142,290480.7212772563,"存款");
insert into bill(payee,value,type) values(130,884173.2129183714,"存款");
insert into bill(sender,payee,value,type) values(123,119,370073.6539881443,"转账");
insert into bill(sender,value,type) values(123,18857.032284409826,"取款");
insert into bill(sender,value,type) values(123,200730.13834289633,"取款");
insert into bill(payee,value,type) values(132,354798.1038796203,"存款");
insert into bill(sender,value,type) values(125,332852.210443542,"取款");
insert into bill(payee,value,type) values(107,202072.79833763602,"存款");
insert into bill(sender,value,type) values(125,892365.6086509783,"取款");
insert into bill(payee,value,type) values(148,2111.21709540496,"存款");
insert into bill(sender,value,type) values(125,417225.2785116984,"取款");
insert into bill(payee,value,type) values(142,24736.543600339723,"存款");
insert into bill(sender,value,type) values(126,548117.6531393048,"取款");
insert into bill(sender,value,type) values(128,802003.2432699568,"取款");
insert into bill(sender,payee,value,type) values(129,135,125050.89261404745,"转账");
insert into bill(payee,value,type) values(137,845619.0136313925,"存款");
insert into bill(sender,payee,value,type) values(129,128,759980.2832938075,"转账");
insert into bill(payee,value,type) values(125,260785.30050583772,"存款");
insert into bill(sender,payee,value,type) values(129,118,504737.1847037541,"转账");
insert into bill(sender,payee,value,type) values(130,122,967980.8645572471,"转账");
insert into bill(payee,value,type) values(109,246089.16159579976,"存款");
insert into bill(payee,value,type) values(142,584727.3315522583,"存款");
insert into bill(sender,payee,value,type) values(130,147,785219.0922517761,"转账");
insert into bill(payee,value,type) values(139,999228.1550414127,"存款");
insert into bill(sender,payee,value,type) values(131,141,78816.83120074456,"转账");
insert into bill(sender,value,type) values(131,810720.1428322606,"取款");
insert into bill(sender,value,type) values(131,367222.4942992172,"取款");
insert into bill(sender,value,type) values(131,791695.8438320537,"取款");
insert into bill(sender,value,type) values(131,125727.21184031821,"取款");
insert into bill(sender,payee,value,type) values(131,132,403811.29011151637,"转账");
insert into bill(sender,payee,value,type) values(132,106,687638.7224812931,"转账");
insert into bill(payee,value,type) values(103,748150.4239194735,"存款");
insert into bill(payee,value,type) values(103,194610.10738060402,"存款");
insert into bill(payee,value,type) values(146,497172.1604542293,"存款");
insert into bill(payee,value,type) values(133,95481.7936234339,"存款");
insert into bill(sender,payee,value,type) values(133,102,209723.67376531652,"转账");
insert into bill(payee,value,type) values(117,903895.9325219656,"存款");
insert into bill(sender,value,type) values(133,653103.184024729,"取款");
insert into bill(sender,payee,value,type) values(133,113,642670.3624173898,"转账");
insert into bill(payee,value,type) values(109,101047.11398343235,"存款");
insert into bill(sender,payee,value,type) values(133,127,428814.94920383644,"转账");
insert into bill(sender,payee,value,type) values(134,116,208969.21440777872,"转账");
insert into bill(payee,value,type) values(138,612057.5099842615,"存款");
insert into bill(sender,payee,value,type) values(135,130,508539.6683182176,"转账");
insert into bill(sender,value,type) values(136,389579.2384929314,"取款");
insert into bill(payee,value,type) values(127,758537.4626615362,"存款");
insert into bill(sender,value,type) values(137,710624.9561977368,"取款");
insert into bill(sender,value,type) values(137,180605.48232762676,"取款");
insert into bill(sender,value,type) values(137,327570.82638006186,"取款");
insert into bill(payee,value,type) values(103,185239.57528376876,"存款");
insert into bill(payee,value,type) values(142,986263.0924075042,"存款");
insert into bill(sender,value,type) values(138,61733.0575487709,"取款");
insert into bill(payee,value,type) values(115,890729.8082286232,"存款");
insert into bill(payee,value,type) values(113,641021.7451910793,"存款");
insert into bill(sender,value,type) values(138,692156.1362193162,"取款");
insert into bill(sender,value,type) values(138,987649.2068857257,"取款");
insert into bill(sender,value,type) values(139,748344.5372914114,"取款");
insert into bill(sender,value,type) values(139,333414.3769585558,"取款");
insert into bill(sender,payee,value,type) values(139,120,450811.16066132643,"转账");
insert into bill(sender,value,type) values(139,291432.85306995356,"取款");
insert into bill(payee,value,type) values(108,762383.3128016121,"存款");
insert into bill(sender,value,type) values(140,117391.76615120706,"取款");
insert into bill(sender,payee,value,type) values(140,108,66543.8211276702,"转账");
insert into bill(sender,payee,value,type) values(141,117,807174.1216450917,"转账");
insert into bill(sender,value,type) values(142,757043.3461655774,"取款");
insert into bill(payee,value,type) values(122,38650.24773423853,"存款");
insert into bill(sender,payee,value,type) values(142,100,915642.156536233,"转账");
insert into bill(sender,payee,value,type) values(143,107,974181.2368181635,"转账");
insert into bill(sender,payee,value,type) values(143,106,553574.6153022171,"转账");
insert into bill(sender,payee,value,type) values(143,133,683288.8670114714,"转账");
insert into bill(payee,value,type) values(137,152204.55192092032,"存款");
insert into bill(sender,value,type) values(144,111242.31693586928,"取款");
insert into bill(sender,payee,value,type) values(144,116,835255.9507735841,"转账");
insert into bill(payee,value,type) values(138,891454.7665402755,"存款");
insert into bill(sender,payee,value,type) values(144,137,160263.64089951263,"转账");
insert into bill(sender,value,type) values(144,819878.9364814414,"取款");
insert into bill(payee,value,type) values(134,830272.9350732988,"存款");
insert into bill(payee,value,type) values(130,299838.2185077776,"存款");
insert into bill(sender,value,type) values(146,55799.4183989099,"取款");
insert into bill(payee,value,type) values(136,959087.6737251012,"存款");
insert into bill(sender,payee,value,type) values(149,103,802160.5545410555,"转账");
insert into bill(sender,value,type) values(149,694568.8874172461,"取款");
insert into BANKCARD(BANKCARDNUMBER,PASSWORD,BANK_NAME) values(882233551,111111,"中国银行");
insert into USER_BANKCARD(USERID,BANKCARDNUMBER) values(100,882233551);
insert into BANKCARD(BANKCARDNUMBER,PASSWORD,BANK_NAME) values(729737019,111111,"建设银行");
insert into USER_BANKCARD(USERID,BANKCARDNUMBER) values(101,729737019);
insert into BANKCARD(BANKCARDNUMBER,PASSWORD,BANK_NAME) values(706653926,111111,"建设银行");
insert into USER_BANKCARD(USERID,BANKCARDNUMBER) values(101,706653926);
insert into BANKCARD(BANKCARDNUMBER,PASSWORD,BANK_NAME) values(269311570,111111,"中国银行");
insert into USER_BANKCARD(USERID,BANKCARDNUMBER) values(101,269311570);
insert into BANKCARD(BANKCARDNUMBER,PASSWORD,BANK_NAME) values(652153290,111111,"中国银行");
insert into USER_BANKCARD(USERID,BANKCARDNUMBER) values(102,652153290);
insert into BANKCARD(BANKCARDNUMBER,PASSWORD,BANK_NAME) values(862758225,111111,"工商银行");
insert into USER_BANKCARD(USERID,BANKCARDNUMBER) values(102,862758225);
insert into BANKCARD(BANKCARDNUMBER,PASSWORD,BANK_NAME) values(423671121,111111,"建设银行");
insert into USER_BANKCARD(USERID,BANKCARDNUMBER) values(103,423671121);
insert into BANKCARD(BANKCARDNUMBER,PASSWORD,BANK_NAME) values(353386658,111111,"中国银行");
insert into USER_BANKCARD(USERID,BANKCARDNUMBER) values(103,353386658);
insert into BANKCARD(BANKCARDNUMBER,PASSWORD,BANK_NAME) values(383912828,111111,"工商银行");
insert into USER_BANKCARD(USERID,BANKCARDNUMBER) values(103,383912828);
insert into BANKCARD(BANKCARDNUMBER,PASSWORD,BANK_NAME) values(278118173,111111,"建设银行");
insert into USER_BANKCARD(USERID,BANKCARDNUMBER) values(103,278118173);
insert into BANKCARD(BANKCARDNUMBER,PASSWORD,BANK_NAME) values(932880195,111111,"工商银行");
insert into USER_BANKCARD(USERID,BANKCARDNUMBER) values(104,932880195);
insert into BANKCARD(BANKCARDNUMBER,PASSWORD,BANK_NAME) values(302920986,111111,"中国银行");
insert into USER_BANKCARD(USERID,BANKCARDNUMBER) values(105,302920986);
insert into BANKCARD(BANKCARDNUMBER,PASSWORD,BANK_NAME) values(170715767,111111,"中国银行");
insert into USER_BANKCARD(USERID,BANKCARDNUMBER) values(105,170715767);
insert into BANKCARD(BANKCARDNUMBER,PASSWORD,BANK_NAME) values(728169180,111111,"中国银行");
insert into USER_BANKCARD(USERID,BANKCARDNUMBER) values(107,728169180);
insert into BANKCARD(BANKCARDNUMBER,PASSWORD,BANK_NAME) values(516813536,111111,"中国银行");
insert into USER_BANKCARD(USERID,BANKCARDNUMBER) values(108,516813536);
insert into BANKCARD(BANKCARDNUMBER,PASSWORD,BANK_NAME) values(103866535,111111,"工商银行");
insert into USER_BANKCARD(USERID,BANKCARDNUMBER) values(109,103866535);
insert into BANKCARD(BANKCARDNUMBER,PASSWORD,BANK_NAME) values(577690755,111111,"中国银行");
insert into USER_BANKCARD(USERID,BANKCARDNUMBER) values(110,577690755);
insert into BANKCARD(BANKCARDNUMBER,PASSWORD,BANK_NAME) values(103699868,111111,"建设银行");
insert into USER_BANKCARD(USERID,BANKCARDNUMBER) values(110,103699868);
insert into BANKCARD(BANKCARDNUMBER,PASSWORD,BANK_NAME) values(893727706,111111,"工商银行");
insert into USER_BANKCARD(USERID,BANKCARDNUMBER) values(110,893727706);
insert into BANKCARD(BANKCARDNUMBER,PASSWORD,BANK_NAME) values(1002616336,111111,"工商银行");
insert into USER_BANKCARD(USERID,BANKCARDNUMBER) values(110,1002616336);
insert into BANKCARD(BANKCARDNUMBER,PASSWORD,BANK_NAME) values(959234785,111111,"中国银行");
insert into USER_BANKCARD(USERID,BANKCARDNUMBER) values(111,959234785);
insert into BANKCARD(BANKCARDNUMBER,PASSWORD,BANK_NAME) values(476126136,111111,"中国银行");
insert into USER_BANKCARD(USERID,BANKCARDNUMBER) values(111,476126136);
insert into BANKCARD(BANKCARDNUMBER,PASSWORD,BANK_NAME) values(344012189,111111,"中国银行");
insert into USER_BANKCARD(USERID,BANKCARDNUMBER) values(111,344012189);
insert into BANKCARD(BANKCARDNUMBER,PASSWORD,BANK_NAME) values(992884488,111111,"工商银行");
insert into USER_BANKCARD(USERID,BANKCARDNUMBER) values(111,992884488);
insert into BANKCARD(BANKCARDNUMBER,PASSWORD,BANK_NAME) values(393464102,111111,"工商银行");
insert into USER_BANKCARD(USERID,BANKCARDNUMBER) values(112,393464102);
insert into BANKCARD(BANKCARDNUMBER,PASSWORD,BANK_NAME) values(774679420,111111,"工商银行");
insert into USER_BANKCARD(USERID,BANKCARDNUMBER) values(113,774679420);
insert into BANKCARD(BANKCARDNUMBER,PASSWORD,BANK_NAME) values(285229672,111111,"工商银行");
insert into USER_BANKCARD(USERID,BANKCARDNUMBER) values(113,285229672);
insert into BANKCARD(BANKCARDNUMBER,PASSWORD,BANK_NAME) values(473293375,111111,"工商银行");
insert into USER_BANKCARD(USERID,BANKCARDNUMBER) values(113,473293375);
insert into BANKCARD(BANKCARDNUMBER,PASSWORD,BANK_NAME) values(524836722,111111,"工商银行");
insert into USER_BANKCARD(USERID,BANKCARDNUMBER) values(113,524836722);
insert into BANKCARD(BANKCARDNUMBER,PASSWORD,BANK_NAME) values(211652228,111111,"中国银行");
insert into USER_BANKCARD(USERID,BANKCARDNUMBER) values(114,211652228);
insert into BANKCARD(BANKCARDNUMBER,PASSWORD,BANK_NAME) values(205591412,111111,"建设银行");
insert into USER_BANKCARD(USERID,BANKCARDNUMBER) values(114,205591412);
insert into BANKCARD(BANKCARDNUMBER,PASSWORD,BANK_NAME) values(835757601,111111,"中国银行");
insert into USER_BANKCARD(USERID,BANKCARDNUMBER) values(114,835757601);
insert into BANKCARD(BANKCARDNUMBER,PASSWORD,BANK_NAME) values(933458610,111111,"工商银行");
insert into USER_BANKCARD(USERID,BANKCARDNUMBER) values(114,933458610);
insert into BANKCARD(BANKCARDNUMBER,PASSWORD,BANK_NAME) values(971731628,111111,"工商银行");
insert into USER_BANKCARD(USERID,BANKCARDNUMBER) values(114,971731628);
insert into BANKCARD(BANKCARDNUMBER,PASSWORD,BANK_NAME) values(227819600,111111,"工商银行");
insert into USER_BANKCARD(USERID,BANKCARDNUMBER) values(116,227819600);
insert into BANKCARD(BANKCARDNUMBER,PASSWORD,BANK_NAME) values(566394924,111111,"建设银行");
insert into USER_BANKCARD(USERID,BANKCARDNUMBER) values(116,566394924);
insert into BANKCARD(BANKCARDNUMBER,PASSWORD,BANK_NAME) values(871483472,111111,"工商银行");
insert into USER_BANKCARD(USERID,BANKCARDNUMBER) values(116,871483472);
insert into BANKCARD(BANKCARDNUMBER,PASSWORD,BANK_NAME) values(770108590,111111,"工商银行");
insert into USER_BANKCARD(USERID,BANKCARDNUMBER) values(116,770108590);
insert into BANKCARD(BANKCARDNUMBER,PASSWORD,BANK_NAME) values(203466723,111111,"建设银行");
insert into USER_BANKCARD(USERID,BANKCARDNUMBER) values(117,203466723);
insert into BANKCARD(BANKCARDNUMBER,PASSWORD,BANK_NAME) values(720501430,111111,"中国银行");
insert into USER_BANKCARD(USERID,BANKCARDNUMBER) values(117,720501430);
insert into BANKCARD(BANKCARDNUMBER,PASSWORD,BANK_NAME) values(533535440,111111,"建设银行");
insert into USER_BANKCARD(USERID,BANKCARDNUMBER) values(117,533535440);
insert into BANKCARD(BANKCARDNUMBER,PASSWORD,BANK_NAME) values(816112398,111111,"中国银行");
insert into USER_BANKCARD(USERID,BANKCARDNUMBER) values(117,816112398);
insert into BANKCARD(BANKCARDNUMBER,PASSWORD,BANK_NAME) values(531830712,111111,"中国银行");
insert into USER_BANKCARD(USERID,BANKCARDNUMBER) values(118,531830712);
insert into BANKCARD(BANKCARDNUMBER,PASSWORD,BANK_NAME) values(512965975,111111,"建设银行");
insert into USER_BANKCARD(USERID,BANKCARDNUMBER) values(118,512965975);
insert into BANKCARD(BANKCARDNUMBER,PASSWORD,BANK_NAME) values(594475112,111111,"工商银行");
insert into USER_BANKCARD(USERID,BANKCARDNUMBER) values(119,594475112);
insert into BANKCARD(BANKCARDNUMBER,PASSWORD,BANK_NAME) values(138168433,111111,"中国银行");
insert into USER_BANKCARD(USERID,BANKCARDNUMBER) values(119,138168433);
insert into BANKCARD(BANKCARDNUMBER,PASSWORD,BANK_NAME) values(839001609,111111,"工商银行");
insert into USER_BANKCARD(USERID,BANKCARDNUMBER) values(120,839001609);
insert into BANKCARD(BANKCARDNUMBER,PASSWORD,BANK_NAME) values(364394141,111111,"中国银行");
insert into USER_BANKCARD(USERID,BANKCARDNUMBER) values(120,364394141);
insert into BANKCARD(BANKCARDNUMBER,PASSWORD,BANK_NAME) values(989633833,111111,"建设银行");
insert into USER_BANKCARD(USERID,BANKCARDNUMBER) values(120,989633833);
insert into BANKCARD(BANKCARDNUMBER,PASSWORD,BANK_NAME) values(147543758,111111,"建设银行");
insert into USER_BANKCARD(USERID,BANKCARDNUMBER) values(120,147543758);
insert into BANKCARD(BANKCARDNUMBER,PASSWORD,BANK_NAME) values(306265135,111111,"建设银行");
insert into USER_BANKCARD(USERID,BANKCARDNUMBER) values(121,306265135);
insert into BANKCARD(BANKCARDNUMBER,PASSWORD,BANK_NAME) values(752976740,111111,"建设银行");
insert into USER_BANKCARD(USERID,BANKCARDNUMBER) values(122,752976740);
insert into BANKCARD(BANKCARDNUMBER,PASSWORD,BANK_NAME) values(1047725227,111111,"中国银行");
insert into USER_BANKCARD(USERID,BANKCARDNUMBER) values(122,1047725227);
insert into BANKCARD(BANKCARDNUMBER,PASSWORD,BANK_NAME) values(219946338,111111,"中国银行");
insert into USER_BANKCARD(USERID,BANKCARDNUMBER) values(123,219946338);
insert into BANKCARD(BANKCARDNUMBER,PASSWORD,BANK_NAME) values(498850799,111111,"建设银行");
insert into USER_BANKCARD(USERID,BANKCARDNUMBER) values(124,498850799);
insert into BANKCARD(BANKCARDNUMBER,PASSWORD,BANK_NAME) values(983790650,111111,"中国银行");
insert into USER_BANKCARD(USERID,BANKCARDNUMBER) values(124,983790650);
insert into BANKCARD(BANKCARDNUMBER,PASSWORD,BANK_NAME) values(1038254393,111111,"工商银行");
insert into USER_BANKCARD(USERID,BANKCARDNUMBER) values(124,1038254393);
insert into BANKCARD(BANKCARDNUMBER,PASSWORD,BANK_NAME) values(842430864,111111,"建设银行");
insert into USER_BANKCARD(USERID,BANKCARDNUMBER) values(125,842430864);
insert into BANKCARD(BANKCARDNUMBER,PASSWORD,BANK_NAME) values(291048870,111111,"工商银行");
insert into USER_BANKCARD(USERID,BANKCARDNUMBER) values(125,291048870);
insert into BANKCARD(BANKCARDNUMBER,PASSWORD,BANK_NAME) values(515491240,111111,"工商银行");
insert into USER_BANKCARD(USERID,BANKCARDNUMBER) values(126,515491240);
insert into BANKCARD(BANKCARDNUMBER,PASSWORD,BANK_NAME) values(533032689,111111,"中国银行");
insert into USER_BANKCARD(USERID,BANKCARDNUMBER) values(127,533032689);
insert into BANKCARD(BANKCARDNUMBER,PASSWORD,BANK_NAME) values(209963883,111111,"工商银行");
insert into USER_BANKCARD(USERID,BANKCARDNUMBER) values(127,209963883);
insert into BANKCARD(BANKCARDNUMBER,PASSWORD,BANK_NAME) values(614879477,111111,"中国银行");
insert into USER_BANKCARD(USERID,BANKCARDNUMBER) values(128,614879477);
insert into BANKCARD(BANKCARDNUMBER,PASSWORD,BANK_NAME) values(413457438,111111,"中国银行");
insert into USER_BANKCARD(USERID,BANKCARDNUMBER) values(128,413457438);
insert into BANKCARD(BANKCARDNUMBER,PASSWORD,BANK_NAME) values(384670186,111111,"中国银行");
insert into USER_BANKCARD(USERID,BANKCARDNUMBER) values(128,384670186);
insert into BANKCARD(BANKCARDNUMBER,PASSWORD,BANK_NAME) values(835770717,111111,"建设银行");
insert into USER_BANKCARD(USERID,BANKCARDNUMBER) values(128,835770717);
insert into BANKCARD(BANKCARDNUMBER,PASSWORD,BANK_NAME) values(795570250,111111,"工商银行");
insert into USER_BANKCARD(USERID,BANKCARDNUMBER) values(129,795570250);
insert into BANKCARD(BANKCARDNUMBER,PASSWORD,BANK_NAME) values(1032096688,111111,"工商银行");
insert into USER_BANKCARD(USERID,BANKCARDNUMBER) values(129,1032096688);
insert into BANKCARD(BANKCARDNUMBER,PASSWORD,BANK_NAME) values(979846574,111111,"工商银行");
insert into USER_BANKCARD(USERID,BANKCARDNUMBER) values(130,979846574);
insert into BANKCARD(BANKCARDNUMBER,PASSWORD,BANK_NAME) values(407507794,111111,"建设银行");
insert into USER_BANKCARD(USERID,BANKCARDNUMBER) values(130,407507794);
insert into BANKCARD(BANKCARDNUMBER,PASSWORD,BANK_NAME) values(886873618,111111,"中国银行");
insert into USER_BANKCARD(USERID,BANKCARDNUMBER) values(131,886873618);
insert into BANKCARD(BANKCARDNUMBER,PASSWORD,BANK_NAME) values(757849995,111111,"中国银行");
insert into USER_BANKCARD(USERID,BANKCARDNUMBER) values(131,757849995);
insert into BANKCARD(BANKCARDNUMBER,PASSWORD,BANK_NAME) values(1066717154,111111,"工商银行");
insert into USER_BANKCARD(USERID,BANKCARDNUMBER) values(131,1066717154);
insert into BANKCARD(BANKCARDNUMBER,PASSWORD,BANK_NAME) values(777259123,111111,"中国银行");
insert into USER_BANKCARD(USERID,BANKCARDNUMBER) values(131,777259123);
insert into BANKCARD(BANKCARDNUMBER,PASSWORD,BANK_NAME) values(661667283,111111,"建设银行");
insert into USER_BANKCARD(USERID,BANKCARDNUMBER) values(131,661667283);
insert into BANKCARD(BANKCARDNUMBER,PASSWORD,BANK_NAME) values(436302943,111111,"中国银行");
insert into USER_BANKCARD(USERID,BANKCARDNUMBER) values(131,436302943);
insert into BANKCARD(BANKCARDNUMBER,PASSWORD,BANK_NAME) values(617548669,111111,"工商银行");
insert into USER_BANKCARD(USERID,BANKCARDNUMBER) values(133,617548669);
insert into BANKCARD(BANKCARDNUMBER,PASSWORD,BANK_NAME) values(527992545,111111,"中国银行");
insert into USER_BANKCARD(USERID,BANKCARDNUMBER) values(133,527992545);
insert into BANKCARD(BANKCARDNUMBER,PASSWORD,BANK_NAME) values(426966488,111111,"建设银行");
insert into USER_BANKCARD(USERID,BANKCARDNUMBER) values(133,426966488);
insert into BANKCARD(BANKCARDNUMBER,PASSWORD,BANK_NAME) values(668914271,111111,"建设银行");
insert into USER_BANKCARD(USERID,BANKCARDNUMBER) values(133,668914271);
insert into BANKCARD(BANKCARDNUMBER,PASSWORD,BANK_NAME) values(772148138,111111,"建设银行");
insert into USER_BANKCARD(USERID,BANKCARDNUMBER) values(134,772148138);
insert into BANKCARD(BANKCARDNUMBER,PASSWORD,BANK_NAME) values(831359036,111111,"中国银行");
insert into USER_BANKCARD(USERID,BANKCARDNUMBER) values(134,831359036);
insert into BANKCARD(BANKCARDNUMBER,PASSWORD,BANK_NAME) values(138298083,111111,"中国银行");
insert into USER_BANKCARD(USERID,BANKCARDNUMBER) values(134,138298083);
insert into BANKCARD(BANKCARDNUMBER,PASSWORD,BANK_NAME) values(412419685,111111,"中国银行");
insert into USER_BANKCARD(USERID,BANKCARDNUMBER) values(134,412419685);
insert into BANKCARD(BANKCARDNUMBER,PASSWORD,BANK_NAME) values(628261816,111111,"建设银行");
insert into USER_BANKCARD(USERID,BANKCARDNUMBER) values(134,628261816);
insert into BANKCARD(BANKCARDNUMBER,PASSWORD,BANK_NAME) values(875886213,111111,"建设银行");
insert into USER_BANKCARD(USERID,BANKCARDNUMBER) values(135,875886213);
insert into BANKCARD(BANKCARDNUMBER,PASSWORD,BANK_NAME) values(133774224,111111,"建设银行");
insert into USER_BANKCARD(USERID,BANKCARDNUMBER) values(135,133774224);
insert into BANKCARD(BANKCARDNUMBER,PASSWORD,BANK_NAME) values(171832531,111111,"建设银行");
insert into USER_BANKCARD(USERID,BANKCARDNUMBER) values(135,171832531);
insert into BANKCARD(BANKCARDNUMBER,PASSWORD,BANK_NAME) values(565073393,111111,"工商银行");
insert into USER_BANKCARD(USERID,BANKCARDNUMBER) values(136,565073393);
insert into BANKCARD(BANKCARDNUMBER,PASSWORD,BANK_NAME) values(832820874,111111,"工商银行");
insert into USER_BANKCARD(USERID,BANKCARDNUMBER) values(136,832820874);
insert into BANKCARD(BANKCARDNUMBER,PASSWORD,BANK_NAME) values(330166378,111111,"建设银行");
insert into USER_BANKCARD(USERID,BANKCARDNUMBER) values(136,330166378);
insert into BANKCARD(BANKCARDNUMBER,PASSWORD,BANK_NAME) values(401358862,111111,"中国银行");
insert into USER_BANKCARD(USERID,BANKCARDNUMBER) values(136,401358862);
insert into BANKCARD(BANKCARDNUMBER,PASSWORD,BANK_NAME) values(278640822,111111,"工商银行");
insert into USER_BANKCARD(USERID,BANKCARDNUMBER) values(136,278640822);
insert into BANKCARD(BANKCARDNUMBER,PASSWORD,BANK_NAME) values(120961843,111111,"建设银行");
insert into USER_BANKCARD(USERID,BANKCARDNUMBER) values(137,120961843);
insert into BANKCARD(BANKCARDNUMBER,PASSWORD,BANK_NAME) values(381212075,111111,"中国银行");
insert into USER_BANKCARD(USERID,BANKCARDNUMBER) values(137,381212075);
insert into BANKCARD(BANKCARDNUMBER,PASSWORD,BANK_NAME) values(334169590,111111,"工商银行");
insert into USER_BANKCARD(USERID,BANKCARDNUMBER) values(138,334169590);
insert into BANKCARD(BANKCARDNUMBER,PASSWORD,BANK_NAME) values(877004916,111111,"工商银行");
insert into USER_BANKCARD(USERID,BANKCARDNUMBER) values(139,877004916);
insert into BANKCARD(BANKCARDNUMBER,PASSWORD,BANK_NAME) values(364277241,111111,"中国银行");
insert into USER_BANKCARD(USERID,BANKCARDNUMBER) values(139,364277241);
insert into BANKCARD(BANKCARDNUMBER,PASSWORD,BANK_NAME) values(234669519,111111,"中国银行");
insert into USER_BANKCARD(USERID,BANKCARDNUMBER) values(141,234669519);
insert into BANKCARD(BANKCARDNUMBER,PASSWORD,BANK_NAME) values(857644650,111111,"中国银行");
insert into USER_BANKCARD(USERID,BANKCARDNUMBER) values(141,857644650);
insert into BANKCARD(BANKCARDNUMBER,PASSWORD,BANK_NAME) values(392615349,111111,"建设银行");
insert into USER_BANKCARD(USERID,BANKCARDNUMBER) values(142,392615349);
insert into BANKCARD(BANKCARDNUMBER,PASSWORD,BANK_NAME) values(302814519,111111,"中国银行");
insert into USER_BANKCARD(USERID,BANKCARDNUMBER) values(142,302814519);
insert into BANKCARD(BANKCARDNUMBER,PASSWORD,BANK_NAME) values(832405707,111111,"工商银行");
insert into USER_BANKCARD(USERID,BANKCARDNUMBER) values(143,832405707);
insert into BANKCARD(BANKCARDNUMBER,PASSWORD,BANK_NAME) values(672591412,111111,"建设银行");
insert into USER_BANKCARD(USERID,BANKCARDNUMBER) values(143,672591412);
insert into BANKCARD(BANKCARDNUMBER,PASSWORD,BANK_NAME) values(102482282,111111,"中国银行");
insert into USER_BANKCARD(USERID,BANKCARDNUMBER) values(144,102482282);
insert into BANKCARD(BANKCARDNUMBER,PASSWORD,BANK_NAME) values(319079277,111111,"工商银行");
insert into USER_BANKCARD(USERID,BANKCARDNUMBER) values(145,319079277);
insert into BANKCARD(BANKCARDNUMBER,PASSWORD,BANK_NAME) values(476267755,111111,"建设银行");
insert into USER_BANKCARD(USERID,BANKCARDNUMBER) values(145,476267755);
insert into BANKCARD(BANKCARDNUMBER,PASSWORD,BANK_NAME) values(100639150,111111,"中国银行");
insert into USER_BANKCARD(USERID,BANKCARDNUMBER) values(145,100639150);
insert into BANKCARD(BANKCARDNUMBER,PASSWORD,BANK_NAME) values(755806100,111111,"建设银行");
insert into USER_BANKCARD(USERID,BANKCARDNUMBER) values(146,755806100);
insert into BANKCARD(BANKCARDNUMBER,PASSWORD,BANK_NAME) values(244688678,111111,"工商银行");
insert into USER_BANKCARD(USERID,BANKCARDNUMBER) values(146,244688678);
insert into BANKCARD(BANKCARDNUMBER,PASSWORD,BANK_NAME) values(986662669,111111,"中国银行");
insert into USER_BANKCARD(USERID,BANKCARDNUMBER) values(146,986662669);
insert into BANKCARD(BANKCARDNUMBER,PASSWORD,BANK_NAME) values(194340928,111111,"工商银行");
insert into USER_BANKCARD(USERID,BANKCARDNUMBER) values(146,194340928);
insert into BANKCARD(BANKCARDNUMBER,PASSWORD,BANK_NAME) values(962136198,111111,"建设银行");
insert into USER_BANKCARD(USERID,BANKCARDNUMBER) values(147,962136198);
insert into BANKCARD(BANKCARDNUMBER,PASSWORD,BANK_NAME) values(536984566,111111,"工商银行");
insert into USER_BANKCARD(USERID,BANKCARDNUMBER) values(147,536984566);
insert into BANKCARD(BANKCARDNUMBER,PASSWORD,BANK_NAME) values(635444580,111111,"工商银行");
insert into USER_BANKCARD(USERID,BANKCARDNUMBER) values(147,635444580);
insert into BANKCARD(BANKCARDNUMBER,PASSWORD,BANK_NAME) values(565388909,111111,"建设银行");
insert into USER_BANKCARD(USERID,BANKCARDNUMBER) values(148,565388909);
insert into BANKCARD(BANKCARDNUMBER,PASSWORD,BANK_NAME) values(708755937,111111,"中国银行");
insert into USER_BANKCARD(USERID,BANKCARDNUMBER) values(148,708755937);
insert into BANKCARD(BANKCARDNUMBER,PASSWORD,BANK_NAME) values(1063054060,111111,"建设银行");
insert into USER_BANKCARD(USERID,BANKCARDNUMBER) values(148,1063054060);
insert into BANKCARD(BANKCARDNUMBER,PASSWORD,BANK_NAME) values(389295456,111111,"中国银行");
insert into USER_BANKCARD(USERID,BANKCARDNUMBER) values(148,389295456);
insert into BANKCARD(BANKCARDNUMBER,PASSWORD,BANK_NAME) values(594536653,111111,"工商银行");
insert into USER_BANKCARD(USERID,BANKCARDNUMBER) values(149,594536653);
insert into BANKCARD(BANKCARDNUMBER,PASSWORD,BANK_NAME) values(139074612,111111,"工商银行");
insert into USER_BANKCARD(USERID,BANKCARDNUMBER) values(149,139074612);
insert into BANKCARD(BANKCARDNUMBER,PASSWORD,BANK_NAME) values(869401499,111111,"建设银行");
insert into USER_BANKCARD(USERID,BANKCARDNUMBER) values(149,869401499);
